image,class,config,psnr,ssim,mse,rmse,mae,ambe,ncc,uqi,delta_e,enh_brightness,enh_contrast,enh_entropy,enh_eme,enh_avg_gradient,enh_laplacian_var,enh_colorfulness,enh_edge_density,enh_michelson,orig_brightness,orig_contrast,orig_entropy,orig_eme,orig_avg_gradient,orig_laplacian_var,orig_colorfulness,orig_edge_density,orig_michelson,cii,entropy_gain,sharpness_gain,eme_gain,colorfulness_gain
dyed_polyp_01.png,dyed_polyp,PAPER,27.7909,0.9002,84.9836,9.2187,6.6692,4.0436,0.9582,0.938,2.8906,35.5417,26.9387,5.8719,54.6223,17.6838,71.5415,34.6885,0.2991,1.0,31.4981,22.7802,5.7785,51.46,12.2568,49.7582,29.4224,0.0214,1.0,1.1825,0.0934,1.4428,1.0615,1.179
dyed_polyp_01.png,dyed_polyp,space:yiq,26.6876,0.9038,136.5597,11.6859,8.1837,6.935,0.9635,0.917,2.8574,38.4332,29.1121,5.7629,53.3149,17.8919,43.8741,28.0464,0.0366,0.9796,31.4981,22.7802,5.7785,51.46,12.2568,49.7582,29.4224,0.0214,1.0,1.278,-0.0156,1.4598,1.036,0.9532
dyed_polyp_01.png,dyed_polyp,space:ycrcb,26.5952,0.9058,139.7617,11.8221,8.3122,7.182,0.9645,0.9163,2.9564,38.6801,29.1779,5.745,24.0759,17.8764,44.5898,27.9935,0.0381,0.9796,31.4981,22.7802,5.7785,51.46,12.2568,49.7582,29.4224,0.0214,1.0,1.2808,-0.0335,1.4585,0.4679,0.9514
dyed_polyp_01.png,dyed_polyp,space:lab,26.7692,0.9149,134.3521,11.591,8.006,7.039,0.9698,0.92,2.9051,38.5372,29.4378,5.9543,24.2261,18.7039,46.7469,29.2421,0.0366,0.98,31.4981,22.7802,5.7785,51.46,12.2568,49.7582,29.4224,0.0214,1.0,1.2923,0.1758,1.526,0.4708,0.9939
dyed_polyp_01.png,dyed_polyp,space:hsi,26.0231,0.906,128.0011,11.3138,7.8633,6.3415,0.9605,0.9193,3.3209,37.8396,28.7841,5.7173,24.4125,17.9399,60.3639,37.0488,0.3067,0.9796,31.4981,22.7802,5.7785,51.46,12.2568,49.7582,29.4224,0.0214,1.0,1.2636,-0.0612,1.4637,0.4744,1.2592
dyed_polyp_01.png,dyed_polyp,contrast:clahe_sk,20.5117,0.5566,454.0677,21.3089,18.0652,13.5314,0.8621,0.77,8.2627,45.0295,31.3727,6.707,46.0083,32.8707,387.0472,41.7163,3.157,0.964,31.4981,22.7802,5.7785,51.46,12.2568,49.7582,29.4224,0.0214,1.0,1.3772,0.9285,2.6818,0.8941,1.4178
dyed_polyp_01.png,dyed_polyp,contrast:he,20.1967,0.6701,484.7723,22.0175,19.21,19.1997,0.9796,0.8292,8.7052,50.6978,32.0683,6.7413,47.499,24.8328,428.5865,43.343,0.1831,0.9818,31.4981,22.7802,5.7785,51.46,12.2568,49.7582,29.4224,0.0214,1.0,1.4077,0.9628,2.026,0.923,1.4731
dyed_polyp_01.png,dyed_polyp,contrast:bbhe,22.2695,0.7247,303.6642,17.426,12.7012,10.308,0.9505,0.847,5.1134,41.8061,33.7924,6.4643,20.6576,23.8424,136.9206,42.62,2.063,0.9474,31.4981,22.7802,5.7785,51.46,12.2568,49.7582,29.4224,0.0214,1.0,1.4834,0.6858,1.9452,0.4014,1.4486
dyed_polyp_01.png,dyed_polyp,contrast:dsihe,22.3892,0.6969,295.6367,17.1941,12.6702,9.1019,0.9343,0.8425,5.1273,40.6001,33.4032,6.4142,20.42,24.2721,153.9815,41.9268,2.8931,0.931,31.4981,22.7802,5.7785,51.46,12.2568,49.7582,29.4224,0.0214,1.0,1.4663,0.6357,1.9803,0.3968,1.425
dyed_polyp_01.png,dyed_polyp,contrast:agcwd,27.358,0.8221,91.7883,9.5806,7.8224,5.9146,0.9439,0.921,3.9252,25.5835,21.0645,5.2064,16.9809,13.2669,35.8936,26.4687,0.0244,0.881,31.4981,22.7802,5.7785,51.46,12.2568,49.7582,29.4224,0.0214,1.0,0.9247,-0.5721,1.0824,0.33,0.8996
dyed_polyp_01.png,dyed_polyp,contrast:msr,23.777,0.7343,214.3435,14.6405,11.3783,10.2211,0.9524,0.8859,5.2224,41.7192,29.5487,6.6319,45.0874,25.0685,199.2344,38.9501,0.5829,1.0,31.4981,22.7802,5.7785,51.46,12.2568,49.7582,29.4224,0.0214,1.0,1.2971,0.8534,2.0453,0.8762,1.3238
dyed_polyp_01.png,dyed_polyp,contrast:stretch,22.4439,0.8733,289.99,17.0291,13.9412,13.1772,0.9978,0.8749,5.5614,44.6753,33.4113,5.9923,51.9614,16.8193,87.6691,43.1171,0.0,1.0,31.4981,22.7802,5.7785,51.46,12.2568,49.7582,29.4224,0.0214,1.0,1.4667,0.2138,1.3722,1.0097,1.4655
dyed_polyp_01.png,dyed_polyp,upsample:hu_wbi_literal,31.2922,0.927,38.0083,6.1651,4.6673,0.0654,0.9657,0.9649,2.1191,31.4327,23.7391,5.6727,53.4932,15.3565,57.4103,30.5868,0.0763,1.0,31.4981,22.7802,5.7785,51.46,12.2568,49.7582,29.4224,0.0214,1.0,1.0421,-0.1058,1.2529,1.0395,1.0396
dyed_polyp_01.png,dyed_polyp,upsample:bilinear,27.8932,0.9044,82.9867,9.1097,6.5598,3.9703,0.9597,0.9395,2.8417,35.4684,26.9793,5.8487,54.5948,17.5366,66.4427,34.6933,0.235,1.0,31.4981,22.7802,5.7785,51.46,12.2568,49.7582,29.4224,0.0214,1.0,1.1843,0.0702,1.4308,1.0609,1.1791
dyed_polyp_01.png,dyed_polyp,upsample:bicubic,27.8037,0.9035,84.7351,9.2052,6.6551,4.1335,0.9589,0.9385,2.8829,35.6316,26.9311,5.8735,54.5559,17.7405,74.9934,34.7377,0.2747,1.0,31.4981,22.7802,5.7785,51.46,12.2568,49.7582,29.4224,0.0214,1.0,1.1822,0.095,1.4474,1.0602,1.1807
dyed_polyp_01.png,dyed_polyp,upsample:lanczos4,27.8153,0.9056,84.4554,9.19,6.6465,4.1733,0.9592,0.9388,2.8816,35.6714,26.901,5.8854,54.6098,17.6528,76.5571,34.7318,0.2991,1.0,31.4981,22.7802,5.7785,51.46,12.2568,49.7582,29.4224,0.0214,1.0,1.1809,0.1069,1.4402,1.0612,1.1805
dyed_polyp_01.png,dyed_polyp,upsample:nearest,28.1812,0.9048,77.457,8.801,6.4518,4.0239,0.9625,0.9435,2.8084,35.5221,26.7326,5.8689,54.4868,17.5969,95.9093,34.5794,0.2869,1.0,31.4981,22.7802,5.7785,51.46,12.2568,49.7582,29.4224,0.0214,1.0,1.1735,0.0904,1.4357,1.0588,1.1753
dyed_polyp_01.png,dyed_polyp,upsample:none,28.5342,0.9054,71.3621,8.4476,6.2325,3.5493,0.9634,0.9467,2.7286,35.0474,26.584,5.8594,54.537,17.5423,94.0486,34.2667,0.3189,1.0,31.4981,22.7802,5.7785,51.46,12.2568,49.7582,29.4224,0.0214,1.0,1.167,0.0809,1.4312,1.0598,1.1646
dyed_polyp_01.png,dyed_polyp,sr:none,27.3073,0.8647,95.1221,9.7531,7.2399,3.8249,0.9436,0.9276,3.1785,35.323,26.3589,6.2772,59.033,21.0201,110.6046,34.1039,0.3296,0.9787,31.4981,22.7802,5.7785,51.46,12.2568,49.7582,29.4224,0.0214,1.0,1.1571,0.4987,1.715,1.1472,1.1591
dyed_polyp_01.png,dyed_polyp,sr:lanczos_detail,26.6691,0.7769,109.9391,10.4852,7.864,3.9065,0.9333,0.9163,3.4802,35.4046,26.5304,6.3712,64.2788,24.0207,509.6911,34.4168,0.4791,1.0,31.4981,22.7802,5.7785,51.46,12.2568,49.7582,29.4224,0.0214,1.0,1.1646,0.5927,1.9598,1.2491,1.1697
dyed_polyp_01.png,dyed_polyp,sr:ibp,26.3326,0.7308,118.7491,10.8972,8.217,4.0266,0.9275,0.9098,3.6512,35.5247,26.6094,6.3821,72.992,24.634,813.2412,34.5723,0.5188,1.0,31.4981,22.7802,5.7785,51.46,12.2568,49.7582,29.4224,0.0214,1.0,1.1681,0.6036,2.0098,1.4184,1.175
dyed_polyp_01.png,dyed_polyp,sr:unsharp_sr,27.0223,0.8292,101.511,10.0753,7.5535,4.0297,0.9402,0.9233,3.3463,35.5278,26.4278,6.3411,60.0815,22.6168,211.6716,34.2681,0.4181,1.0,31.4981,22.7802,5.7785,51.46,12.2568,49.7582,29.4224,0.0214,1.0,1.1601,0.5626,1.8452,1.1675,1.1647
dyed_polyp_02.png,dyed_polyp,PAPER,27.647,0.8828,88.2549,9.3944,6.9976,4.0228,0.96,0.9428,3.0097,36.97,28.5291,5.9412,54.7358,18.3833,76.256,36.6334,0.3006,1.0,32.9472,24.5127,5.8818,51.6763,12.6234,50.512,31.4156,0.0198,1.0,1.1638,0.0594,1.4563,1.0592,1.1661
dyed_polyp_02.png,dyed_polyp,space:yiq,26.516,0.8882,143.1519,11.9646,8.6844,6.9934,0.9644,0.9222,3.0503,39.9406,30.8627,5.941,54.438,18.6989,47.482,29.9581,0.0183,1.0,32.9472,24.5127,5.8818,51.6763,12.6234,50.512,31.4156,0.0198,1.0,1.259,0.0592,1.4813,1.0534,0.9536
dyed_polyp_02.png,dyed_polyp,space:ycrcb,26.3849,0.9022,147.4377,12.1424,8.7698,7.3406,0.9646,0.921,3.123,40.2877,30.8417,5.7299,25.3265,18.374,46.8226,29.9527,0.0351,0.9804,32.9472,24.5127,5.8818,51.6763,12.6234,50.512,31.4156,0.0198,1.0,1.2582,-0.1519,1.4556,0.4901,0.9534
dyed_polyp_02.png,dyed_polyp,space:lab,26.4764,0.9096,144.7344,12.0306,8.4908,7.1971,0.9695,0.9231,3.0616,40.1442,31.3076,6.043,45.038,19.2864,48.5771,31.2877,0.0641,1.0,32.9472,24.5127,5.8818,51.6763,12.6234,50.512,31.4156,0.0198,1.0,1.2772,0.1612,1.5278,0.8715,0.9959
dyed_polyp_02.png,dyed_polyp,space:hsi,25.8314,0.8933,134.3198,11.5896,8.3849,6.4329,0.9612,0.9244,3.4923,39.3801,30.436,5.899,54.6417,18.9298,65.7973,38.8743,0.383,1.0,32.9472,24.5127,5.8818,51.6763,12.6234,50.512,31.4156,0.0198,1.0,1.2416,0.0172,1.4996,1.0574,1.2374
dyed_polyp_02.png,dyed_polyp,contrast:clahe_sk,20.6547,0.5683,440.0715,20.9779,17.6756,12.8635,0.864,0.7893,8.1281,45.8107,32.2389,6.7448,56.637,32.5691,379.3042,42.7419,2.9663,0.9821,32.9472,24.5127,5.8818,51.6763,12.6234,50.512,31.4156,0.0198,1.0,1.3152,0.863,2.5801,1.096,1.3605
dyed_polyp_02.png,dyed_polyp,contrast:he,20.487,0.6802,454.9066,21.3285,18.7414,18.7216,0.9813,0.8509,8.5931,51.6688,33.114,6.777,50.0798,24.4516,451.741,44.5872,0.3769,0.9823,32.9472,24.5127,5.8818,51.6763,12.6234,50.512,31.4156,0.0198,1.0,1.3509,0.8952,1.937,0.9691,1.4193
dyed_polyp_02.png,dyed_polyp,contrast:bbhe,22.7911,0.7417,271.8546,16.488,12.0012,9.572,0.9561,0.8719,4.8595,42.5192,34.7773,6.4874,20.2613,23.1222,132.9443,43.7601,1.5549,0.9492,32.9472,24.5127,5.8818,51.6763,12.6234,50.512,31.4156,0.0198,1.0,1.4187,0.6056,1.8317,0.3921,1.3929
dyed_polyp_02.png,dyed_polyp,contrast:dsihe,22.8543,0.7225,267.972,16.3699,11.9795,8.7373,0.9457,0.8689,4.8727,41.6844,34.5008,6.4753,20.2832,23.5176,144.6768,43.2563,1.9745,0.9496,32.9472,24.5127,5.8818,51.6763,12.6234,50.512,31.4156,0.0198,1.0,1.4075,0.5935,1.863,0.3925,1.3769
dyed_polyp_02.png,dyed_polyp,contrast:agcwd,27.0562,0.8191,98.1754,9.9084,8.0838,6.1852,0.9491,0.9263,4.0458,26.7619,22.7425,5.2166,16.7804,13.3951,37.3287,28.2376,0.0931,0.8889,32.9472,24.5127,5.8818,51.6763,12.6234,50.512,31.4156,0.0198,1.0,0.9278,-0.6652,1.0611,0.3247,0.8988
dyed_polyp_02.png,dyed_polyp,contrast:msr,24.4568,0.7544,184.3,13.5757,10.2774,8.7571,0.9556,0.9055,4.7204,41.7042,30.8723,6.6546,49.9961,25.1244,183.6705,40.1033,1.004,1.0,32.9472,24.5127,5.8818,51.6763,12.6234,50.512,31.4156,0.0198,1.0,1.2594,0.7728,1.9903,0.9675,1.2765
dyed_polyp_02.png,dyed_polyp,contrast:stretch,23.405,0.8862,234.216,15.3041,12.4481,11.6322,0.998,0.9027,4.991,44.5794,34.2858,6.0271,51.9569,16.6194,83.9788,43.9013,0.0,1.0,32.9472,24.5127,5.8818,51.6763,12.6234,50.512,31.4156,0.0198,1.0,1.3987,0.1453,1.3166,1.0054,1.3974
dyed_polyp_02.png,dyed_polyp,upsample:hu_wbi_literal,30.7883,0.9071,43.0508,6.5613,4.9463,0.2198,0.9657,0.9652,2.1783,32.7273,25.2307,5.7392,53.6773,16.0066,61.5658,32.3965,0.0641,1.0,32.9472,24.5127,5.8818,51.6763,12.6234,50.512,31.4156,0.0198,1.0,1.0293,-0.1426,1.268,1.0387,1.0312
dyed_polyp_02.png,dyed_polyp,upsample:bilinear,27.7349,0.9017,86.3545,9.2927,6.8572,3.9901,0.9607,0.9439,2.9732,36.9372,28.4591,5.8957,54.5667,18.1472,70.5363,36.4989,0.1984,1.0,32.9472,24.5127,5.8818,51.6763,12.6234,50.512,31.4156,0.0198,1.0,1.161,0.0139,1.4376,1.0559,1.1618
dyed_polyp_02.png,dyed_polyp,upsample:bicubic,27.6869,0.8856,87.3594,9.3466,6.9709,4.0745,0.9607,0.9435,2.9738,37.0216,28.4959,5.9369,54.5854,18.4244,79.8099,36.653,0.3143,1.0,32.9472,24.5127,5.8818,51.6763,12.6234,50.512,31.4156,0.0198,1.0,1.1625,0.0551,1.4595,1.0563,1.1667
dyed_polyp_02.png,dyed_polyp,upsample:lanczos4,27.6562,0.8885,87.9457,9.3779,6.9904,4.127,0.9603,0.9432,2.9837,37.0741,28.4558,5.9548,54.695,18.329,81.4921,36.6379,0.3677,1.0,32.9472,24.5127,5.8818,51.6763,12.6234,50.512,31.4156,0.0198,1.0,1.1609,0.073,1.452,1.0584,1.1662
dyed_polyp_02.png,dyed_polyp,upsample:nearest,27.9615,0.8867,81.8446,9.0468,6.7999,3.951,0.9627,0.9467,2.9108,36.8982,28.31,5.9439,54.4266,18.3042,102.5695,36.4867,0.322,1.0,32.9472,24.5127,5.8818,51.6763,12.6234,50.512,31.4156,0.0198,1.0,1.1549,0.0621,1.45,1.0532,1.1614
dyed_polyp_02.png,dyed_polyp,upsample:none,28.2183,0.8863,77.1559,8.7838,6.6372,3.4798,0.9621,0.9484,2.8751,36.4269,28.0964,5.931,54.5989,18.2887,101.6749,36.1329,0.3036,1.0,32.9472,24.5127,5.8818,51.6763,12.6234,50.512,31.4156,0.0198,1.0,1.1462,0.0492,1.4488,1.0566,1.1502
dyed_polyp_02.png,dyed_polyp,sr:none,27.2029,0.8669,97.7351,9.8861,7.3964,3.8501,0.9483,0.9344,3.278,36.7972,27.9732,6.3393,58.3502,21.8958,117.7291,35.969,0.4562,1.0,32.9472,24.5127,5.8818,51.6763,12.6234,50.512,31.4156,0.0198,1.0,1.1412,0.4575,1.7345,1.1291,1.1449
dyed_polyp_02.png,dyed_polyp,sr:lanczos_detail,26.5286,0.7765,113.9924,10.6767,8.0328,3.9508,0.9381,0.9234,3.5698,36.8979,28.1231,6.4124,71.2408,25.0211,534.5401,36.2961,0.679,1.0,32.9472,24.5127,5.8818,51.6763,12.6234,50.512,31.4156,0.0198,1.0,1.1473,0.5306,1.9821,1.3786,1.1554
dyed_polyp_02.png,dyed_polyp,sr:ibp,26.1914,0.7308,123.1238,11.0961,8.3856,4.0669,0.9328,0.9174,3.7413,37.0141,28.202,6.4117,78.1595,25.6271,851.8529,36.4285,0.7004,1.0,32.9472,24.5127,5.8818,51.6763,12.6234,50.512,31.4156,0.0198,1.0,1.1505,0.5299,2.0301,1.5125,1.1596
dyed_polyp_02.png,dyed_polyp,sr:unsharp_sr,26.8949,0.8292,104.8192,10.2381,7.7324,4.0688,0.9447,0.93,3.4363,37.0159,28.0234,6.3928,61.0463,23.5698,224.0976,36.1456,0.5768,1.0,32.9472,24.5127,5.8818,51.6763,12.6234,50.512,31.4156,0.0198,1.0,1.1432,0.511,1.8672,1.1813,1.1506
dyed_polyp_03.png,dyed_polyp,PAPER,27.8133,0.903,84.961,9.2174,6.7024,4.1472,0.9641,0.9455,2.8973,37.1353,28.6152,5.9392,55.566,18.3824,73.8066,36.511,0.4105,1.0,32.9881,24.4253,5.8538,52.1321,12.8659,49.8204,31.2048,0.0214,1.0,1.1715,0.0854,1.4288,1.0659,1.17
dyed_polyp_03.png,dyed_polyp,space:yiq,26.3715,0.904,147.2124,12.1331,8.6121,7.2864,0.9671,0.9213,3.0127,40.2746,31.0676,5.8189,55.3754,18.6809,47.068,29.693,0.1343,1.0,32.9881,24.4253,5.8538,52.1321,12.8659,49.8204,31.2048,0.0214,1.0,1.2719,-0.0349,1.452,1.0622,0.9516
dyed_polyp_03.png,dyed_polyp,space:ycrcb,26.2949,0.9064,150.0886,12.2511,8.7277,7.4966,0.9676,0.9206,3.1258,40.4847,31.1054,5.7913,25.2686,18.6415,47.6539,29.6168,0.0931,0.9806,32.9881,24.4253,5.8538,52.1321,12.8659,49.8204,31.2048,0.0214,1.0,1.2735,-0.0625,1.4489,0.4847,0.9491
dyed_polyp_03.png,dyed_polyp,space:lab,26.4715,0.9138,144.4769,12.0199,8.408,7.2785,0.9719,0.9237,3.0412,40.2667,31.3837,6.0226,25.434,19.5513,50.0436,30.9863,0.1678,0.981,32.9881,24.4253,5.8538,52.1321,12.8659,49.8204,31.2048,0.0214,1.0,1.2849,0.1688,1.5196,0.4879,0.993
dyed_polyp_03.png,dyed_polyp,space:hsi,25.7855,0.9004,135.8286,11.6546,8.2024,6.6221,0.9651,0.9248,3.4261,39.6102,30.7157,5.9713,55.6748,19.0882,65.8908,39.0313,0.415,1.0,32.9881,24.4253,5.8538,52.1321,12.8659,49.8204,31.2048,0.0214,1.0,1.2575,0.1175,1.4836,1.068,1.2508
dyed_polyp_03.png,dyed_polyp,contrast:clahe_sk,20.7097,0.5579,435.1136,20.8594,17.6615,13.015,0.8708,0.7936,8.1676,46.0031,32.2947,6.7494,52.9128,33.5636,404.8663,42.4596,3.9154,0.9649,32.9881,24.4253,5.8538,52.1321,12.8659,49.8204,31.2048,0.0214,1.0,1.3222,0.8956,2.6087,1.015,1.3607
dyed_polyp_03.png,dyed_polyp,contrast:he,20.4248,0.6682,460.7252,21.4645,18.7572,18.7416,0.9789,0.848,8.6072,51.7298,33.1075,6.7909,51.4055,25.4541,445.7471,44.2847,0.4868,0.9826,32.9881,24.4253,5.8538,52.1321,12.8659,49.8204,31.2048,0.0214,1.0,1.3555,0.9371,1.9784,0.9861,1.4192
dyed_polyp_03.png,dyed_polyp,contrast:bbhe,22.5418,0.7243,286.4971,16.9262,12.3912,9.9677,0.9539,0.8663,5.0579,42.9559,34.8497,6.5479,22.2818,24.5427,148.0825,43.6841,2.5696,0.9492,32.9881,24.4253,5.8538,52.1321,12.8659,49.8204,31.2048,0.0214,1.0,1.4268,0.6941,1.9076,0.4274,1.3999
dyed_polyp_03.png,dyed_polyp,contrast:dsihe,22.5841,0.6877,284.0471,16.8537,12.5978,8.9844,0.9379,0.8606,5.149,41.9725,34.3793,6.5067,20.9072,25.2348,169.0661,43.0026,3.4622,0.9496,32.9881,24.4253,5.8538,52.1321,12.8659,49.8204,31.2048,0.0214,1.0,1.4075,0.6529,1.9614,0.401,1.3781
dyed_polyp_03.png,dyed_polyp,contrast:agcwd,27.0757,0.8213,98.2164,9.9104,8.0922,6.1389,0.9482,0.9256,3.9718,26.8492,22.5672,5.2379,17.3795,13.8504,38.8237,28.0609,0.2655,0.8913,32.9881,24.4253,5.8538,52.1321,12.8659,49.8204,31.2048,0.0214,1.0,0.9239,-0.6159,1.0765,0.3334,0.8992
dyed_polyp_03.png,dyed_polyp,contrast:msr,23.9628,0.7329,206.3831,14.366,11.2167,9.7069,0.9537,0.8977,5.196,42.6951,30.9189,6.672,48.0007,25.8861,208.0329,40.1223,0.9033,1.0,32.9881,24.4253,5.8538,52.1321,12.8659,49.8204,31.2048,0.0214,1.0,1.2659,0.8182,2.012,0.9208,1.2858
dyed_polyp_03.png,dyed_polyp,contrast:stretch,23.563,0.8894,225.009,15.0003,12.2211,11.4109,0.9981,0.9057,4.8973,44.399,34.0004,5.9961,52.4172,16.8399,81.7408,43.4297,0.1938,1.0,32.9881,24.4253,5.8538,52.1321,12.8659,49.8204,31.2048,0.0214,1.0,1.392,0.1423,1.3089,1.0055,1.3918
dyed_polyp_03.png,dyed_polyp,upsample:hu_wbi_literal,31.4772,0.9282,36.7503,6.0622,4.4879,0.2357,0.9706,0.9702,2.0416,32.7524,25.179,5.7433,54.763,16.0059,59.5672,32.1521,0.2838,1.0,32.9881,24.4253,5.8538,52.1321,12.8659,49.8204,31.2048,0.0214,1.0,1.0309,-0.1105,1.2441,1.0505,1.0304
dyed_polyp_03.png,dyed_polyp,upsample:bilinear,27.9266,0.907,82.736,9.0959,6.6122,4.0837,0.9656,0.947,2.8559,37.0718,28.6627,5.9111,55.2753,18.1996,68.7563,36.5362,0.3983,1.0,32.9881,24.4253,5.8538,52.1321,12.8659,49.8204,31.2048,0.0214,1.0,1.1735,0.0573,1.4146,1.0603,1.1709
dyed_polyp_03.png,dyed_polyp,upsample:bicubic,27.8785,0.9067,83.5878,9.1426,6.6668,4.2422,0.9656,0.9467,2.8848,37.2304,28.6058,5.9405,55.3593,18.3992,77.0072,36.5915,0.441,1.0,32.9881,24.4253,5.8538,52.1321,12.8659,49.8204,31.2048,0.0214,1.0,1.1712,0.0867,1.4301,1.0619,1.1726
dyed_polyp_03.png,dyed_polyp,upsample:lanczos4,27.8483,0.9086,84.1473,9.1732,6.69,4.3013,0.9654,0.9464,2.8949,37.2895,28.5826,5.9557,55.4587,18.3218,78.5629,36.5964,0.4395,1.0,32.9881,24.4253,5.8538,52.1321,12.8659,49.8204,31.2048,0.0214,1.0,1.1702,0.1019,1.4241,1.0638,1.1728
dyed_polyp_03.png,dyed_polyp,upsample:nearest,28.2668,0.8949,76.4462,8.7434,6.4924,3.9838,0.9679,0.9507,2.7978,36.9719,28.4226,5.9617,55.2428,18.2496,97.2505,36.4197,0.4379,1.0,32.9881,24.4253,5.8538,52.1321,12.8659,49.8204,31.2048,0.0214,1.0,1.1637,0.1079,1.4184,1.0597,1.1671
dyed_polyp_03.png,dyed_polyp,upsample:none,28.6561,0.9077,69.8719,8.3589,6.204,3.4663,0.9674,0.9534,2.7131,36.4545,28.0549,5.9096,55.3983,18.179,96.0009,35.8708,0.4395,1.0,32.9881,24.4253,5.8538,52.1321,12.8659,49.8204,31.2048,0.0214,1.0,1.1486,0.0558,1.413,1.0627,1.1495
dyed_polyp_03.png,dyed_polyp,sr:none,27.3319,0.8696,94.986,9.7461,7.183,3.9608,0.9521,0.9368,3.1576,36.9489,28.0986,6.3296,60.0985,21.7609,111.9838,35.9645,0.4852,0.9796,32.9881,24.4253,5.8538,52.1321,12.8659,49.8204,31.2048,0.0214,1.0,1.1504,0.4758,1.6914,1.1528,1.1525
dyed_polyp_03.png,dyed_polyp,sr:lanczos_detail,26.6669,0.7824,110.3575,10.5051,7.8313,4.0564,0.9425,0.9264,3.4621,37.0445,28.2492,6.4238,71.3076,24.7888,509.5608,36.2811,0.7233,1.0,32.9881,24.4253,5.8538,52.1321,12.8659,49.8204,31.2048,0.0214,1.0,1.1566,0.57,1.9267,1.3678,1.1627
dyed_polyp_03.png,dyed_polyp,sr:ibp,26.328,0.7376,119.2843,10.9217,8.1839,4.1759,0.9374,0.9206,3.6369,37.1641,28.325,6.4361,76.389,25.3791,812.3498,36.4219,0.7889,1.0,32.9881,24.4253,5.8538,52.1321,12.8659,49.8204,31.2048,0.0214,1.0,1.1597,0.5823,1.9726,1.4653,1.1672
dyed_polyp_03.png,dyed_polyp,sr:unsharp_sr,27.0249,0.8339,101.8249,10.0908,7.5181,4.1659,0.9488,0.9326,3.3312,37.154,28.1705,6.3995,63.6659,23.4198,214.6806,36.1336,0.5981,1.0,32.9881,24.4253,5.8538,52.1321,12.8659,49.8204,31.2048,0.0214,1.0,1.1533,0.5457,1.8203,1.2212,1.158
dyed_polyp_04.png,dyed_polyp,PAPER,28.4165,0.9022,73.0491,8.5469,6.2546,3.7437,0.9663,0.9478,2.7557,35.3006,27.2082,5.8815,54.6575,17.8935,72.293,35.0044,0.2045,1.0,31.5569,23.1353,5.7792,51.3415,12.3544,50.7773,29.9093,0.0198,1.0,1.176,0.1023,1.4484,1.0646,1.1704
dyed_polyp_04.png,dyed_polyp,space:yiq,27.0551,0.9047,125.5341,11.2042,7.8044,6.4784,0.9669,0.924,2.7169,38.0353,29.3523,5.7781,54.4694,18.1627,46.8046,28.5688,0.029,1.0,31.5569,23.1353,5.7792,51.3415,12.3544,50.7773,29.9093,0.0198,1.0,1.2687,-0.0011,1.4701,1.0609,0.9552
dyed_polyp_04.png,dyed_polyp,space:ycrcb,26.9343,0.9061,129.2569,11.3691,7.9651,6.7724,0.9679,0.923,2.8185,38.3293,29.4365,5.7409,24.3053,18.1002,47.1221,28.5916,0.029,0.9796,31.5569,23.1353,5.7792,51.3415,12.3544,50.7773,29.9093,0.0198,1.0,1.2724,-0.0383,1.4651,0.4734,0.9559
dyed_polyp_04.png,dyed_polyp,space:lab,27.1809,0.9161,122.1328,11.0514,7.6067,6.6696,0.9736,0.9278,2.7735,38.2265,29.5754,5.9138,24.2205,18.786,47.7947,29.8383,0.0732,0.98,31.5569,23.1353,5.7792,51.3415,12.3544,50.7773,29.9093,0.0198,1.0,1.2784,0.1346,1.5206,0.4718,0.9976
dyed_polyp_04.png,dyed_polyp,space:hsi,26.3716,0.9075,117.934,10.8597,7.4842,5.8342,0.962,0.9254,3.2059,37.3911,28.8892,5.7866,24.6419,18.4195,63.8394,37.215,0.3708,0.9795,31.5569,23.1353,5.7792,51.3415,12.3544,50.7773,29.9093,0.0198,1.0,1.2487,0.0074,1.4909,0.48,1.2443
dyed_polyp_04.png,dyed_polyp,contrast:clahe_sk,20.5433,0.5497,448.9817,21.1892,17.9353,13.3305,0.8619,0.7739,8.2866,44.8874,31.5012,6.7158,42.1664,33.6205,407.6391,41.9719,4.4357,0.9643,31.5569,23.1353,5.7792,51.3415,12.3544,50.7773,29.9093,0.0198,1.0,1.3616,0.9366,2.7213,0.8213,1.4033
dyed_polyp_04.png,dyed_polyp,contrast:he,20.2328,0.6655,479.424,21.8958,19.1747,19.1614,0.9799,0.8331,8.7715,50.7183,32.2084,6.7483,50.0899,25.0846,451.5566,43.7589,0.2426,0.9818,31.5569,23.1353,5.7792,51.3415,12.3544,50.7773,29.9093,0.0198,1.0,1.3922,0.9691,2.0304,0.9756,1.4631
dyed_polyp_04.png,dyed_polyp,contrast:bbhe,22.3763,0.7291,296.8711,17.2299,12.5618,10.2851,0.9533,0.8528,5.0569,41.842,33.9846,6.4606,20.3947,23.9353,138.7956,43.0536,2.1637,0.9474,31.5569,23.1353,5.7792,51.3415,12.3544,50.7773,29.9093,0.0198,1.0,1.4689,0.6814,1.9374,0.3972,1.4395
dyed_polyp_04.png,dyed_polyp,contrast:dsihe,22.4629,0.7013,291.0285,17.0596,12.5918,9.2583,0.9388,0.8485,5.1036,40.8152,33.6255,6.436,20.3974,24.5546,157.386,42.4359,2.8687,0.9478,31.5569,23.1353,5.7792,51.3415,12.3544,50.7773,29.9093,0.0198,1.0,1.4534,0.6568,1.9875,0.3973,1.4188
dyed_polyp_04.png,dyed_polyp,contrast:agcwd,27.5745,0.8223,88.5986,9.4127,7.6705,5.767,0.9472,0.9254,3.7302,25.7898,21.3966,5.0153,16.5609,13.3726,37.3818,27.0582,0.0931,0.8795,31.5569,23.1353,5.7792,51.3415,12.3544,50.7773,29.9093,0.0198,1.0,0.9248,-0.7639,1.0824,0.3226,0.9047
dyed_polyp_04.png,dyed_polyp,contrast:msr,23.3259,0.7186,237.8408,15.4221,12.0168,10.9386,0.952,0.8793,5.5483,42.4954,30.2692,6.6656,45.3554,25.965,221.4805,40.01,0.7431,1.0,31.5569,23.1353,5.7792,51.3415,12.3544,50.7773,29.9093,0.0198,1.0,1.3084,0.8864,2.1017,0.8834,1.3377
dyed_polyp_04.png,dyed_polyp,contrast:stretch,22.2145,0.8711,306.1971,17.4985,14.2292,13.4524,0.998,0.871,5.6743,45.0093,34.186,5.9935,51.7794,17.0704,90.4449,44.1091,0.0336,1.0,31.5569,23.1353,5.7792,51.3415,12.3544,50.7773,29.9093,0.0198,1.0,1.4777,0.2143,1.3817,1.0085,1.4748
dyed_polyp_04.png,dyed_polyp,upsample:hu_wbi_literal,31.8005,0.9271,33.5834,5.7951,4.3797,0.2752,0.9705,0.9698,2.0242,31.2816,23.9984,5.6733,53.5552,15.5908,58.8315,30.9052,0.1099,1.0,31.5569,23.1353,5.7792,51.3415,12.3544,50.7773,29.9093,0.0198,1.0,1.0373,-0.1059,1.262,1.0431,1.0333
dyed_polyp_04.png,dyed_polyp,upsample:bilinear,28.5119,0.9185,71.496,8.4555,6.1115,3.7109,0.9667,0.9487,2.7483,35.2677,27.1273,5.6817,24.4654,17.4087,65.9509,35.1508,0.1099,0.978,31.5569,23.1353,5.7792,51.3415,12.3544,50.7773,29.9093,0.0198,1.0,1.1726,-0.0975,1.4091,0.4765,1.1752
dyed_polyp_04.png,dyed_polyp,upsample:bicubic,28.4176,0.9054,73.0685,8.548,6.2545,3.8217,0.9666,0.9479,2.7527,35.3786,27.1928,5.8827,54.5881,17.9774,76.364,35.0446,0.2182,1.0,31.5569,23.1353,5.7792,51.3415,12.3544,50.7773,29.9093,0.0198,1.0,1.1754,0.1035,1.4551,1.0632,1.1717
dyed_polyp_04.png,dyed_polyp,upsample:lanczos4,28.4015,0.908,73.2357,8.5578,6.2535,3.8823,0.9666,0.9479,2.7562,35.4392,27.1604,5.8983,54.5545,17.8785,77.8662,35.0477,0.238,1.0,31.5569,23.1353,5.7792,51.3415,12.3544,50.7773,29.9093,0.0198,1.0,1.174,0.1191,1.4471,1.0626,1.1718
dyed_polyp_04.png,dyed_polyp,upsample:nearest,28.7194,0.9077,67.974,8.2446,6.0984,3.7467,0.9688,0.9513,2.6921,35.3036,27.0016,5.8811,54.4566,17.8152,97.7345,34.8886,0.2747,1.0,31.5569,23.1353,5.7792,51.3415,12.3544,50.7773,29.9093,0.0198,1.0,1.1671,0.1019,1.442,1.0607,1.1665
dyed_polyp_04.png,dyed_polyp,upsample:none,28.9995,0.9065,63.7962,7.9873,5.9625,3.1698,0.9672,0.9527,2.6486,34.7267,26.753,5.8628,54.6673,17.7441,95.9788,34.4483,0.2457,1.0,31.5569,23.1353,5.7792,51.3415,12.3544,50.7773,29.9093,0.0198,1.0,1.1564,0.0836,1.4363,1.0648,1.1518
dyed_polyp_04.png,dyed_polyp,sr:none,27.8378,0.8628,83.8003,9.1543,6.8848,3.5644,0.952,0.9374,3.0601,35.1213,26.5949,6.2902,57.7016,21.343,113.5036,34.4188,0.3174,0.9787,31.5569,23.1353,5.7792,51.3415,12.3544,50.7773,29.9093,0.0198,1.0,1.1495,0.511,1.7276,1.1239,1.1508
dyed_polyp_04.png,dyed_polyp,sr:lanczos_detail,27.0959,0.7745,99.0957,9.9547,7.5269,3.6439,0.9414,0.9259,3.3786,35.2007,26.7698,6.3813,64.1019,24.4351,519.876,34.7334,0.5081,1.0,31.5569,23.1353,5.7792,51.3415,12.3544,50.7773,29.9093,0.0198,1.0,1.1571,0.6021,1.9778,1.2485,1.1613
dyed_polyp_04.png,dyed_polyp,sr:ibp,26.7197,0.7286,108.0926,10.3968,7.8919,3.7626,0.9355,0.9194,3.5546,35.3195,26.8516,6.3917,70.5716,25.0368,827.5374,34.8921,0.5478,1.0,31.5569,23.1353,5.7792,51.3415,12.3544,50.7773,29.9093,0.0198,1.0,1.1606,0.6125,2.0265,1.3746,1.1666
dyed_polyp_04.png,dyed_polyp,sr:unsharp_sr,27.5035,0.8269,90.3588,9.5057,7.2089,3.7699,0.9484,0.933,3.2357,35.3268,26.6676,6.3541,59.9575,22.9822,217.9898,34.5824,0.3937,1.0,31.5569,23.1353,5.7792,51.3415,12.3544,50.7773,29.9093,0.0198,1.0,1.1527,0.5749,1.8602,1.1678,1.1562
dyed_polyp_05.png,dyed_polyp,PAPER,28.3923,0.9115,73.6452,8.5817,6.1985,3.7852,0.9648,0.9475,2.7666,36.0871,27.0846,5.7159,24.1224,17.7276,69.1254,35.7453,0.1938,0.978,32.3018,23.2069,5.7494,51.309,12.4058,50.3669,30.5223,0.0229,1.0,1.1671,-0.0335,1.429,0.4701,1.1711
dyed_polyp_05.png,dyed_polyp,space:yiq,27.108,0.9041,124.63,11.1638,7.9176,6.662,0.9691,0.9264,2.7128,38.9638,29.3793,5.7594,52.8788,18.2217,46.0993,29.4248,0.0381,0.9798,32.3018,23.2069,5.7494,51.309,12.4058,50.3669,30.5223,0.0229,1.0,1.266,0.01,1.4688,1.0306,0.964
dyed_polyp_05.png,dyed_polyp,space:ycrcb,26.9786,0.906,128.3543,11.3294,8.0605,6.9256,0.9696,0.9253,2.8136,39.2274,29.4375,5.7354,23.7257,18.174,46.1756,29.4507,0.0381,0.9798,32.3018,23.2069,5.7494,51.309,12.4058,50.3669,30.5223,0.0229,1.0,1.2685,-0.014,1.465,0.4624,0.9649
dyed_polyp_05.png,dyed_polyp,space:lab,27.2615,0.9151,120.4129,10.9733,7.7301,6.8265,0.9763,0.9307,2.7659,39.1283,29.6291,5.9741,24.0009,19.0153,48.4113,30.6717,0.0381,0.9802,32.3018,23.2069,5.7494,51.309,12.4058,50.3669,30.5223,0.0229,1.0,1.2767,0.2247,1.5328,0.4678,1.0049
dyed_polyp_05.png,dyed_polyp,space:hsi,26.3998,0.9077,117.1742,10.8247,7.5748,6.1434,0.9659,0.9283,3.2202,38.4452,28.996,5.7835,24.0517,18.5039,62.7233,38.0823,0.0839,0.9796,32.3018,23.2069,5.7494,51.309,12.4058,50.3669,30.5223,0.0229,1.0,1.2495,0.0341,1.4916,0.4688,1.2477
dyed_polyp_05.png,dyed_polyp,contrast:clahe_sk,20.7167,0.5535,433.0882,20.8108,17.6862,13.0643,0.8665,0.7825,8.1613,45.3661,31.4311,6.7068,42.2693,33.2685,389.5804,42.3875,3.3981,0.9643,32.3018,23.2069,5.7494,51.309,12.4058,50.3669,30.5223,0.0229,1.0,1.3544,0.9574,2.6817,0.8238,1.3887
dyed_polyp_05.png,dyed_polyp,contrast:he,20.3325,0.6579,468.2941,21.6401,18.7514,18.7413,0.9749,0.8364,8.5884,51.0431,32.1284,6.7361,47.4739,25.9105,444.0694,44.601,0.2869,0.9817,32.3018,23.2069,5.7494,51.309,12.4058,50.3669,30.5223,0.0229,1.0,1.3844,0.9867,2.0886,0.9253,1.4613
dyed_polyp_05.png,dyed_polyp,contrast:bbhe,22.2088,0.705,309.5209,17.5932,12.983,10.6671,0.9479,0.8491,5.28,42.9689,33.8749,6.5351,22.048,25.3183,156.5735,43.8179,2.4521,0.9474,32.3018,23.2069,5.7494,51.309,12.4058,50.3669,30.5223,0.0229,1.0,1.4597,0.7857,2.0408,0.4297,1.4356
dyed_polyp_05.png,dyed_polyp,contrast:dsihe,22.3443,0.6745,300.1997,17.3263,12.9774,9.0313,0.9269,0.8424,5.2742,41.3331,33.4625,6.4366,20.4057,25.8362,176.3853,42.9979,4.155,0.9478,32.3018,23.2069,5.7494,51.309,12.4058,50.3669,30.5223,0.0229,1.0,1.4419,0.6872,2.0826,0.3977,1.4087
dyed_polyp_05.png,dyed_polyp,contrast:agcwd,27.3295,0.8232,94.032,9.697,7.9225,6.0281,0.9453,0.9222,3.8209,26.2737,21.3263,5.0894,16.6535,13.7381,37.5485,27.303,0.029,0.8824,32.3018,23.2069,5.7494,51.309,12.4058,50.3669,30.5223,0.0229,1.0,0.919,-0.66,1.1074,0.3246,0.8945
dyed_polyp_05.png,dyed_polyp,contrast:msr,23.9191,0.7412,208.2279,14.4301,11.141,9.9658,0.9548,0.8918,5.0656,42.2676,29.9861,6.6437,42.989,25.0839,189.9056,40.089,0.6042,1.0,32.3018,23.2069,5.7494,51.309,12.4058,50.3669,30.5223,0.0229,1.0,1.2921,0.8943,2.0219,0.8378,1.3134
dyed_polyp_05.png,dyed_polyp,contrast:stretch,22.6034,0.8756,280.8496,16.7586,13.751,12.967,0.9973,0.8818,5.4656,45.2688,33.6244,5.9351,51.8442,16.8386,86.0656,44.1799,0.0229,1.0,32.3018,23.2069,5.7494,51.309,12.4058,50.3669,30.5223,0.0229,1.0,1.4489,0.1857,1.3573,1.0104,1.4475
dyed_polyp_05.png,dyed_polyp,upsample:hu_wbi_literal,32.041,0.9394,31.6981,5.6301,4.1605,0.3372,0.972,0.9715,1.982,31.9646,23.9288,5.504,23.1266,15.3425,55.6275,31.6444,0.0992,0.9753,32.3018,23.2069,5.7494,51.309,12.4058,50.3669,30.5223,0.0229,1.0,1.0311,-0.2454,1.2367,0.4507,1.0368
dyed_polyp_05.png,dyed_polyp,upsample:bilinear,28.4553,0.9161,72.5889,8.5199,6.1287,3.6548,0.9649,0.948,2.7345,35.9566,27.088,5.6787,24.0191,17.5483,64.0745,35.7024,0.1678,0.978,32.3018,23.2069,5.7494,51.309,12.4058,50.3669,30.5223,0.0229,1.0,1.1672,-0.0707,1.4145,0.4681,1.1697
dyed_polyp_05.png,dyed_polyp,upsample:bicubic,28.3435,0.9028,74.4438,8.6281,6.2802,3.7993,0.9651,0.9472,2.7471,36.1011,27.2034,5.878,54.0619,18.08,73.6455,35.6372,0.1862,1.0,32.3018,23.2069,5.7494,51.309,12.4058,50.3669,30.5223,0.0229,1.0,1.1722,0.1286,1.4574,1.0537,1.1676
dyed_polyp_05.png,dyed_polyp,upsample:lanczos4,28.3386,0.9037,74.5321,8.6332,6.2951,3.8277,0.9649,0.9471,2.7543,36.1295,27.1613,5.8865,54.0071,18.0029,75.8458,35.6182,0.1785,1.0,32.3018,23.2069,5.7494,51.309,12.4058,50.3669,30.5223,0.0229,1.0,1.1704,0.1371,1.4512,1.0526,1.167
dyed_polyp_05.png,dyed_polyp,upsample:nearest,28.8099,0.9049,66.7158,8.168,6.0238,3.6106,0.9685,0.9523,2.6503,35.9124,26.975,5.879,53.8912,17.9361,95.4345,35.4063,0.2289,1.0,32.3018,23.2069,5.7494,51.309,12.4058,50.3669,30.5223,0.0229,1.0,1.1624,0.1296,1.4458,1.0503,1.16
dyed_polyp_05.png,dyed_polyp,upsample:none,29.0109,0.9154,63.6628,7.9789,5.8845,3.1729,0.9665,0.953,2.6548,35.4747,26.6817,5.7048,24.114,17.6235,92.4949,35.2387,0.2274,0.9778,32.3018,23.2069,5.7494,51.309,12.4058,50.3669,30.5223,0.0229,1.0,1.1497,-0.0446,1.4206,0.47,1.1545
dyed_polyp_05.png,dyed_polyp,sr:none,27.7835,0.8601,84.9232,9.2154,6.9271,3.517,0.9502,0.9367,3.0573,35.8188,26.556,6.292,57.6281,21.4671,112.2253,34.9563,0.2899,0.9787,32.3018,23.2069,5.7494,51.309,12.4058,50.3669,30.5223,0.0229,1.0,1.1443,0.5426,1.7304,1.1232,1.1453
dyed_polyp_05.png,dyed_polyp,sr:lanczos_detail,27.0609,0.7721,100.2135,10.0107,7.569,3.6026,0.9397,0.9252,3.3709,35.9044,26.7285,6.3858,62.7525,24.4979,517.2064,35.2677,0.4883,1.0,32.3018,23.2069,5.7494,51.309,12.4058,50.3669,30.5223,0.0229,1.0,1.1517,0.6364,1.9747,1.223,1.1555
dyed_polyp_05.png,dyed_polyp,sr:ibp,26.6915,0.7263,109.0602,10.4432,7.9271,3.716,0.9339,0.9188,3.5473,36.0178,26.8112,6.3967,68.9166,25.1073,823.8294,35.4191,0.4868,1.0,32.3018,23.2069,5.7494,51.309,12.4058,50.3669,30.5223,0.0229,1.0,1.1553,0.6473,2.0238,1.3432,1.1604
dyed_polyp_05.png,dyed_polyp,sr:unsharp_sr,27.4576,0.8243,91.5105,9.5661,7.2502,3.7264,0.9466,0.9322,3.2291,36.0282,26.621,6.3533,60.3861,23.0615,215.9245,35.1192,0.3723,1.0,32.3018,23.2069,5.7494,51.309,12.4058,50.3669,30.5223,0.0229,1.0,1.1471,0.6039,1.8589,1.1769,1.1506
esophagitis_01.png,esophagitis,PAPER,27.8778,0.8923,83.3685,9.1306,6.7094,2.7691,0.9656,0.958,2.9498,41.8894,32.4338,6.1183,54.9861,21.0168,89.5826,45.945,0.6973,1.0,39.1203,29.1975,6.0954,52.107,14.4919,56.3817,41.3711,0.0168,1.0,1.1108,0.0229,1.4502,1.0553,1.1106
esophagitis_01.png,esophagitis,space:yiq,26.5078,0.8986,144.5897,12.0245,8.5978,6.8767,0.9716,0.9414,2.9248,45.997,35.4128,6.074,54.7702,21.2126,67.7455,40.5144,0.4868,1.0,39.1203,29.1975,6.0954,52.107,14.4919,56.3817,41.3711,0.0168,1.0,1.2129,-0.0214,1.4638,1.0511,0.9793
esophagitis_01.png,esophagitis,space:ycrcb,26.4051,0.9027,147.9514,12.1635,8.7089,7.1402,0.9723,0.9408,3.0475,46.2605,35.4832,5.9844,41.5445,21.1172,68.8709,40.453,0.4868,0.9835,39.1203,29.1975,6.0954,52.107,14.4919,56.3817,41.3711,0.0168,1.0,1.2153,-0.111,1.4572,0.7973,0.9778
esophagitis_01.png,esophagitis,space:lab,26.5585,0.9076,143.4656,11.9777,8.4319,6.9615,0.9756,0.9428,3.0065,46.0818,35.823,6.2573,45.6044,22.309,76.2209,41.9831,1.2772,1.0,39.1203,29.1975,6.0954,52.107,14.4919,56.3817,41.3711,0.0168,1.0,1.2269,0.1619,1.5394,0.8752,1.0148
esophagitis_01.png,esophagitis,space:hsi,25.6148,0.8945,140.5738,11.8564,8.4566,6.3315,0.9684,0.9413,3.5544,45.4518,35.1566,6.1115,54.7598,21.226,81.2088,49.7544,0.502,1.0,39.1203,29.1975,6.0954,52.107,14.4919,56.3817,41.3711,0.0168,1.0,1.2041,0.0161,1.4647,1.0509,1.2026
esophagitis_01.png,esophagitis,contrast:clahe_sk,21.2503,0.5797,383.8771,19.5928,16.5193,10.0901,0.8725,0.839,7.8904,49.2104,34.3399,6.8809,55.7156,34.5328,441.1944,50.3485,4.8737,0.984,39.1203,29.1975,6.0954,52.107,14.4919,56.3817,41.3711,0.0168,1.0,1.1761,0.7855,2.3829,1.0693,1.217
esophagitis_01.png,esophagitis,contrast:he,22.0852,0.7134,310.2781,17.6147,15.5204,15.4925,0.9818,0.9147,7.5295,54.6127,34.9519,6.8637,49.9439,25.1313,486.3084,52.2928,0.5035,1.0,39.1203,29.1975,6.0954,52.107,14.4919,56.3817,41.3711,0.0168,1.0,1.1971,0.7683,1.7342,0.9585,1.264
esophagitis_01.png,esophagitis,contrast:bbhe,24.3016,0.7466,191.6641,13.8443,10.8078,7.7483,0.9633,0.9246,4.7292,46.8685,36.5056,6.7465,24.4082,24.347,173.6784,51.6825,3.1448,0.9699,39.1203,29.1975,6.0954,52.107,14.4919,56.3817,41.3711,0.0168,1.0,1.2503,0.6511,1.68,0.4684,1.2492
esophagitis_01.png,esophagitis,contrast:dsihe,24.269,0.7285,193.6756,13.9167,11.0216,7.0453,0.9551,0.9208,4.7803,46.1656,36.1993,6.7058,21.6414,24.5821,180.9182,51.2592,3.4882,0.9556,39.1203,29.1975,6.0954,52.107,14.4919,56.3817,41.3711,0.0168,1.0,1.2398,0.6104,1.6963,0.4153,1.239
esophagitis_01.png,esophagitis,contrast:agcwd,25.917,0.7993,131.3071,11.4589,9.5414,7.0137,0.9509,0.93,4.4223,32.1066,27.0598,5.5,16.5838,16.1371,57.8633,37.517,0.5875,0.8909,39.1203,29.1975,6.0954,52.107,14.4919,56.3817,41.3711,0.0168,1.0,0.9268,-0.5954,1.1135,0.3183,0.9068
esophagitis_01.png,esophagitis,contrast:msr,26.5574,0.786,115.4571,10.7451,7.8288,3.9199,0.955,0.944,3.7175,43.0401,32.9012,6.7411,44.7567,25.4969,187.9977,46.716,2.9297,1.0,39.1203,29.1975,6.0954,52.107,14.4919,56.3817,41.3711,0.0168,1.0,1.1268,0.6457,1.7594,0.8589,1.1292
esophagitis_01.png,esophagitis,contrast:stretch,25.9896,0.9001,128.7824,11.3482,9.3226,8.3851,0.9984,0.9553,3.825,47.5054,36.6165,6.0614,52.0969,17.3869,79.6449,51.8809,0.2029,1.0,39.1203,29.1975,6.0954,52.107,14.4919,56.3817,41.3711,0.0168,1.0,1.2541,-0.034,1.1998,0.9998,1.254
esophagitis_01.png,esophagitis,upsample:hu_wbi_literal,30.3611,0.9199,47.7555,6.9105,5.1377,1.7388,0.9735,0.9724,2.2849,37.3815,28.8177,5.94,53.9054,18.2826,74.0937,40.9442,0.2914,1.0,39.1203,29.1975,6.0954,52.107,14.4919,56.3817,41.3711,0.0168,1.0,0.987,-0.1554,1.2616,1.0345,0.9897
esophagitis_01.png,esophagitis,upsample:bilinear,27.9913,0.9096,81.1818,9.0101,6.5713,2.7634,0.9664,0.9591,2.9425,41.8837,32.3605,5.9315,25.018,20.5037,81.493,46.1198,0.679,0.9825,39.1203,29.1975,6.0954,52.107,14.4919,56.3817,41.3711,0.0168,1.0,1.1083,-0.1639,1.4148,0.4801,1.1148
esophagitis_01.png,esophagitis,upsample:bicubic,27.8747,0.8948,83.471,9.1362,6.719,2.805,0.9655,0.958,2.9511,41.9252,32.3987,6.1221,55.0867,21.1717,100.1427,45.9604,0.9933,1.0,39.1203,29.1975,6.0954,52.107,14.4919,56.3817,41.3711,0.0168,1.0,1.1096,0.0267,1.4609,1.0572,1.1109
esophagitis_01.png,esophagitis,upsample:lanczos4,27.8704,0.8967,83.5116,9.1385,6.7237,2.8529,0.9654,0.958,2.953,41.9732,32.3668,6.1313,55.1313,21.0639,102.5807,45.9616,0.9796,1.0,39.1203,29.1975,6.0954,52.107,14.4919,56.3817,41.3711,0.0168,1.0,1.1085,0.0359,1.4535,1.058,1.111
esophagitis_01.png,esophagitis,upsample:nearest,28.3404,0.8836,74.9367,8.6566,6.4745,2.5782,0.9686,0.9619,2.8288,41.6985,32.2406,6.1435,54.906,20.957,131.6014,45.7914,0.9918,1.0,39.1203,29.1975,6.0954,52.107,14.4919,56.3817,41.3711,0.0168,1.0,1.1042,0.0481,1.4461,1.0537,1.1068
esophagitis_01.png,esophagitis,upsample:none,28.3689,0.9069,74.4842,8.6304,6.3251,2.1541,0.9665,0.9613,2.8501,41.2743,31.9179,5.9541,25.0447,20.6614,129.1736,45.5001,0.9445,0.9821,39.1203,29.1975,6.0954,52.107,14.4919,56.3817,41.3711,0.0168,1.0,1.0932,-0.1413,1.4257,0.4806,1.0998
esophagitis_01.png,esophagitis,sr:none,27.122,0.8507,99.7656,9.9883,7.548,2.7088,0.9548,0.9487,3.3195,41.8291,32.0222,6.5327,57.1128,24.4891,129.3916,45.5654,1.7593,0.9828,39.1203,29.1975,6.0954,52.107,14.4919,56.3817,41.3711,0.0168,1.0,1.0967,0.4373,1.6898,1.0961,1.1014
esophagitis_01.png,esophagitis,sr:lanczos_detail,26.3691,0.7644,118.5539,10.8882,8.2569,2.7728,0.9459,0.9391,3.669,41.8931,32.2158,6.6255,65.4535,28.0489,580.0138,45.872,4.3198,1.0,39.1203,29.1975,6.0954,52.107,14.4919,56.3817,41.3711,0.0168,1.0,1.1034,0.5301,1.9355,1.2561,1.1088
esophagitis_01.png,esophagitis,sr:ibp,26.045,0.7219,127.7525,11.3028,8.5994,2.8937,0.9417,0.9346,3.8394,42.014,32.2768,6.6339,71.7082,28.6503,907.8015,45.9964,4.364,1.0,39.1203,29.1975,6.0954,52.107,14.4919,56.3817,41.3711,0.0168,1.0,1.1055,0.5385,1.977,1.3762,1.1118
esophagitis_01.png,esophagitis,sr:unsharp_sr,26.7857,0.8139,107.6973,10.3777,7.8901,2.9019,0.9515,0.9448,3.5054,42.0222,32.0947,6.5966,59.4346,26.3879,251.0852,45.7269,3.2043,1.0,39.1203,29.1975,6.0954,52.107,14.4919,56.3817,41.3711,0.0168,1.0,1.0992,0.5012,1.8209,1.1406,1.1053
esophagitis_02.png,esophagitis,PAPER,27.3325,0.89,93.951,9.6928,7.0695,2.8566,0.9574,0.9497,3.0925,40.9967,31.4707,6.0679,54.981,20.4834,91.9147,45.3877,0.9857,1.0,38.1401,28.3411,6.0496,50.8768,14.0106,57.2193,40.757,0.029,1.0,1.1104,0.0183,1.462,1.0807,1.1136
esophagitis_02.png,esophagitis,space:yiq,26.2273,0.899,154.2873,12.4212,8.6494,6.6911,0.9631,0.9328,2.9276,44.8312,34.4636,5.9853,54.7238,20.6149,69.4353,39.965,0.5646,0.9833,38.1401,28.3411,6.0496,50.8768,14.0106,57.2193,40.757,0.029,1.0,1.216,-0.0643,1.4714,1.0756,0.9806
esophagitis_02.png,esophagitis,space:ycrcb,26.1252,0.8998,157.8642,12.5644,8.7802,6.9115,0.9632,0.9319,3.0318,45.0516,34.5163,5.9716,51.007,20.6096,69.6393,39.9453,0.5402,0.9833,38.1401,28.3411,6.0496,50.8768,14.0106,57.2193,40.757,0.029,1.0,1.2179,-0.078,1.471,1.0026,0.9801
esophagitis_02.png,esophagitis,space:lab,26.2988,0.9049,152.1902,12.3365,8.4997,6.7709,0.9677,0.9348,2.9848,44.911,34.8575,6.2382,42.7613,21.8644,79.3916,41.4017,0.9262,1.0,38.1401,28.3411,6.0496,50.8768,14.0106,57.2193,40.757,0.029,1.0,1.2299,0.1886,1.5606,0.8405,1.0158
esophagitis_02.png,esophagitis,space:hsi,25.2401,0.8923,152.6759,12.3562,8.5933,6.1376,0.9582,0.9313,3.6223,44.2777,34.1744,6.0787,54.9746,20.6652,82.1224,49.0021,0.5112,1.0,38.1401,28.3411,6.0496,50.8768,14.0106,57.2193,40.757,0.029,1.0,1.2058,0.0291,1.475,1.0805,1.2023
esophagitis_02.png,esophagitis,contrast:clahe_sk,21.0016,0.5704,405.5446,20.1381,17.0353,10.2713,0.8588,0.8222,8.0817,48.4114,33.7906,6.8448,55.414,34.483,466.7938,50.1916,5.1453,0.9833,38.1401,28.3411,6.0496,50.8768,14.0106,57.2193,40.757,0.029,1.0,1.1923,0.7952,2.4612,1.0892,1.2315
esophagitis_02.png,esophagitis,contrast:he,21.8975,0.7028,323.3373,17.9816,15.7566,15.7246,0.9793,0.907,7.6152,53.8647,34.3251,6.8176,51.7353,24.895,484.8879,52.1319,0.7263,1.0,38.1401,28.3411,6.0496,50.8768,14.0106,57.2193,40.757,0.029,1.0,1.2111,0.768,1.7769,1.0169,1.2791
esophagitis_02.png,esophagitis,contrast:bbhe,24.0365,0.7354,202.9441,14.2458,10.9456,7.8524,0.9583,0.9163,4.7173,45.9925,35.8633,6.6882,23.3219,24.1933,181.1169,51.6218,3.7903,0.9675,38.1401,28.3411,6.0496,50.8768,14.0106,57.2193,40.757,0.029,1.0,1.2654,0.6386,1.7268,0.4584,1.2666
esophagitis_02.png,esophagitis,contrast:dsihe,23.9604,0.711,206.9418,14.3855,11.2263,7.2817,0.9493,0.9115,4.8579,45.4218,35.534,6.6708,21.7012,24.8144,199.892,51.1376,4.0451,0.952,38.1401,28.3411,6.0496,50.8768,14.0106,57.2193,40.757,0.029,1.0,1.2538,0.6212,1.7711,0.4265,1.2547
esophagitis_02.png,esophagitis,contrast:agcwd,25.9773,0.7958,128.8294,11.3503,9.4625,6.9496,0.9489,0.9271,4.4405,31.1905,26.1751,5.4272,16.2201,15.6195,59.0365,36.9416,0.6104,0.8899,38.1401,28.3411,6.0496,50.8768,14.0106,57.2193,40.757,0.029,1.0,0.9236,-0.6224,1.1148,0.3188,0.9064
esophagitis_02.png,esophagitis,contrast:msr,26.7509,0.7758,109.7711,10.4772,7.7315,3.5886,0.9495,0.9415,3.7277,41.7287,31.1266,6.6751,48.1656,25.3289,197.439,45.2889,2.9083,1.0,38.1401,28.3411,6.0496,50.8768,14.0106,57.2193,40.757,0.029,1.0,1.0983,0.6255,1.8078,0.9467,1.1112
esophagitis_02.png,esophagitis,contrast:stretch,26.7475,0.901,107.3777,10.3623,8.5734,7.615,0.998,0.9598,3.5353,45.7551,35.0869,5.9934,51.7525,16.5241,77.8625,50.4862,0.2304,1.0,38.1401,28.3411,6.0496,50.8768,14.0106,57.2193,40.757,0.029,1.0,1.238,-0.0562,1.1794,1.0172,1.2387
esophagitis_02.png,esophagitis,upsample:hu_wbi_literal,29.7503,0.9031,54.4442,7.3786,5.5495,1.6087,0.9674,0.9665,2.4062,36.5314,28.0611,5.9025,54.003,17.8157,76.2586,40.5745,0.3143,1.0,38.1401,28.3411,6.0496,50.8768,14.0106,57.2193,40.757,0.029,1.0,0.9901,-0.1471,1.2716,1.0614,0.9955
esophagitis_02.png,esophagitis,upsample:bilinear,27.4397,0.8963,91.6629,9.5741,6.96,2.7797,0.9585,0.9509,3.045,40.9198,31.4867,6.0444,54.9204,20.2229,84.2784,45.3636,0.592,1.0,38.1401,28.3411,6.0496,50.8768,14.0106,57.2193,40.757,0.029,1.0,1.111,-0.0052,1.4434,1.0795,1.113
esophagitis_02.png,esophagitis,upsample:bicubic,27.3874,0.8789,92.8298,9.6348,7.0536,2.8434,0.9582,0.9504,3.0619,40.9835,31.5191,6.0965,54.9185,20.6491,102.9676,45.4856,1.1398,1.0,38.1401,28.3411,6.0496,50.8768,14.0106,57.2193,40.757,0.029,1.0,1.1121,0.0469,1.4738,1.0794,1.116
esophagitis_02.png,esophagitis,upsample:lanczos4,27.3804,0.8803,92.9027,9.6386,7.0598,2.8851,0.9582,0.9504,3.0422,41.0252,31.4963,6.1018,55.0156,20.5382,105.516,45.4792,0.9247,1.0,38.1401,28.3411,6.0496,50.8768,14.0106,57.2193,40.757,0.029,1.0,1.1113,0.0522,1.4659,1.0813,1.1159
esophagitis_02.png,esophagitis,upsample:nearest,27.7281,0.8803,85.8421,9.2651,6.8347,2.6838,0.9607,0.9537,2.9497,40.8239,31.3098,6.0988,54.8314,20.4562,134.9893,45.2316,1.1551,1.0,38.1401,28.3411,6.0496,50.8768,14.0106,57.2193,40.757,0.029,1.0,1.1047,0.0492,1.4601,1.0777,1.1098
esophagitis_02.png,esophagitis,upsample:none,27.7637,0.8923,85.187,9.2297,6.7521,2.1522,0.9585,0.953,2.9797,40.2923,31.0691,6.0649,55.0691,20.4656,134.4626,44.7418,1.1948,1.0,38.1401,28.3411,6.0496,50.8768,14.0106,57.2193,40.757,0.029,1.0,1.0963,0.0153,1.4607,1.0824,1.0978
esophagitis_02.png,esophagitis,sr:none,26.6744,0.8534,109.8947,10.4831,7.8114,2.7379,0.946,0.9398,3.4422,40.878,31.0588,6.4883,58.3037,23.9971,133.5389,44.9509,1.8387,0.9823,38.1401,28.3411,6.0496,50.8768,14.0106,57.2193,40.757,0.029,1.0,1.0959,0.4387,1.7128,1.146,1.1029
esophagitis_02.png,esophagitis,sr:lanczos_detail,25.9863,0.7627,128.8675,11.352,8.542,2.8257,0.9364,0.9296,3.7847,40.9658,31.2263,6.5829,65.5972,27.6194,587.6072,45.2878,4.2282,1.0,38.1401,28.3411,6.0496,50.8768,14.0106,57.2193,40.757,0.029,1.0,1.1018,0.5333,1.9713,1.2893,1.1112
esophagitis_02.png,esophagitis,sr:ibp,25.6905,0.72,137.9142,11.7437,8.8765,2.9444,0.9321,0.9249,3.9593,41.0845,31.2939,6.5927,73.9492,28.2034,916.5904,45.4068,4.3991,1.0,38.1401,28.3411,6.0496,50.8768,14.0106,57.2193,40.757,0.029,1.0,1.1042,0.5431,2.013,1.4535,1.1141
esophagitis_02.png,esophagitis,sr:unsharp_sr,26.3688,0.8155,117.8235,10.8547,8.1626,2.9299,0.9425,0.9358,3.6388,41.07,31.139,6.556,60.655,25.9557,257.6847,45.1074,3.389,1.0,38.1401,28.3411,6.0496,50.8768,14.0106,57.2193,40.757,0.029,1.0,1.0987,0.5064,1.8526,1.1922,1.1067
esophagitis_03.png,esophagitis,PAPER,27.0997,0.9035,100.0223,10.0011,7.3847,2.4232,0.9565,0.9508,3.216,42.3583,32.8689,6.1179,25.2185,21.5708,95.8873,45.7678,1.4435,0.9836,39.9351,29.981,6.0985,51.9993,14.6527,56.3212,41.5425,0.0183,1.0,1.0963,0.0194,1.4721,0.485,1.1017
esophagitis_03.png,esophagitis,space:yiq,26.3565,0.8983,149.722,12.2361,8.7452,6.2536,0.9651,0.9395,2.9504,46.1887,35.9297,6.0508,54.6464,21.5808,74.2841,40.7784,0.975,0.9843,39.9351,29.981,6.0985,51.9993,14.6527,56.3212,41.5425,0.0183,1.0,1.1984,-0.0477,1.4728,1.0509,0.9816
esophagitis_03.png,esophagitis,space:ycrcb,26.2713,0.8993,152.6021,12.3532,8.8351,6.4679,0.9654,0.9389,3.0533,46.403,35.9899,5.9967,24.7097,21.5478,75.6418,40.7765,0.7202,0.9843,39.9351,29.981,6.0985,51.9993,14.6527,56.3212,41.5425,0.0183,1.0,1.2004,-0.1018,1.4706,0.4752,0.9816
esophagitis_03.png,esophagitis,space:lab,26.4676,0.9058,146.0221,12.084,8.5472,6.3766,0.9697,0.9421,3.0338,46.3117,36.2624,6.1774,23.7796,22.5894,82.5834,42.0782,1.6083,0.9847,39.9351,29.981,6.0985,51.9993,14.6527,56.3212,41.5425,0.0183,1.0,1.2095,0.0789,1.5417,0.4573,1.0129
esophagitis_03.png,esophagitis,space:hsi,25.3459,0.9011,149.9983,12.2474,8.7461,5.773,0.9603,0.9376,3.7211,45.7081,35.6266,6.0586,24.9458,21.5231,84.9821,49.3782,0.7584,0.9843,39.9351,29.981,6.0985,51.9993,14.6527,56.3212,41.5425,0.0183,1.0,1.1883,-0.0399,1.4689,0.4797,1.1886
esophagitis_03.png,esophagitis,contrast:clahe_sk,20.9834,0.5662,409.5796,20.2381,17.3016,9.8075,0.8631,0.8325,8.2156,49.7426,35.0468,6.9027,47.1396,36.0935,490.9017,50.2069,5.6259,0.9706,39.9351,29.981,6.0985,51.9993,14.6527,56.3212,41.5425,0.0183,1.0,1.169,0.8042,2.4633,0.9065,1.2086
esophagitis_03.png,esophagitis,contrast:he,22.0661,0.6968,313.2543,17.699,15.3408,15.313,0.9786,0.9151,7.4858,55.2481,35.7165,6.9008,54.0079,26.2155,513.3044,52.1999,1.1642,1.0,39.9351,29.981,6.0985,51.9993,14.6527,56.3212,41.5425,0.0183,1.0,1.1913,0.8023,1.7891,1.0386,1.2565
esophagitis_03.png,esophagitis,contrast:bbhe,24.0375,0.7226,204.9912,14.3175,11.2382,8.0909,0.9608,0.9231,4.9705,48.026,37.2024,6.8012,24.3368,25.6699,200.053,51.6215,3.8879,0.971,39.9351,29.981,6.0985,51.9993,14.6527,56.3212,41.5425,0.0183,1.0,1.2409,0.7027,1.7519,0.468,1.2426
esophagitis_03.png,esophagitis,contrast:dsihe,23.9646,0.7025,208.8076,14.4502,11.5149,7.2844,0.9515,0.9183,5.0874,47.2195,36.9349,6.7782,24.4633,26.2061,217.0352,51.132,4.1321,0.9712,39.9351,29.981,6.0985,51.9993,14.6527,56.3212,41.5425,0.0183,1.0,1.2319,0.6797,1.7885,0.4705,1.2308
esophagitis_03.png,esophagitis,contrast:agcwd,25.7583,0.7988,136.5415,11.6851,9.7163,7.1514,0.9517,0.9306,4.4475,32.7837,27.6937,5.5006,16.2496,16.5753,62.1107,37.5054,0.9979,0.8966,39.9351,29.981,6.0985,51.9993,14.6527,56.3212,41.5425,0.0183,1.0,0.9237,-0.5979,1.1312,0.3125,0.9028
esophagitis_03.png,esophagitis,contrast:msr,26.8315,0.7965,109.443,10.4615,7.6534,2.6339,0.9527,0.9465,3.5423,42.569,32.9806,6.6817,26.9799,25.5544,179.7942,45.6143,3.2135,0.9854,39.9351,29.981,6.0985,51.9993,14.6527,56.3212,41.5425,0.0183,1.0,1.1,0.5832,1.744,0.5189,1.098
esophagitis_03.png,esophagitis,contrast:stretch,26.9882,0.903,102.9288,10.1454,8.351,7.3709,0.9985,0.9645,3.4313,47.306,36.7129,6.0241,51.9054,17.162,77.3503,50.8452,0.0992,1.0,39.9351,29.981,6.0985,51.9993,14.6527,56.3212,41.5425,0.0183,1.0,1.2245,-0.0744,1.1713,0.9982,1.2239
esophagitis_03.png,esophagitis,upsample:hu_wbi_literal,29.4141,0.9353,59.498,7.7135,5.6006,1.8209,0.9683,0.967,2.4547,38.1142,29.3125,5.9614,23.8957,18.7578,80.1532,40.9538,0.6058,0.9817,39.9351,29.981,6.0985,51.9993,14.6527,56.3212,41.5425,0.0183,1.0,0.9777,-0.1371,1.2802,0.4595,0.9858
esophagitis_03.png,esophagitis,upsample:bilinear,27.203,0.9108,97.6373,9.8812,7.2804,2.3521,0.9576,0.952,3.1715,42.2872,32.903,6.0971,25.1147,21.3256,87.5473,45.7703,0.9827,0.9836,39.9351,29.981,6.0985,51.9993,14.6527,56.3212,41.5425,0.0183,1.0,1.0975,-0.0014,1.4554,0.483,1.1018
esophagitis_03.png,esophagitis,upsample:bicubic,27.1628,0.8991,98.4805,9.9237,7.3708,2.41,0.9576,0.9517,3.2547,42.3451,32.9494,6.0052,25.1462,21.4803,107.005,45.8456,1.4328,0.9836,39.9351,29.981,6.0985,51.9993,14.6527,56.3212,41.5425,0.0183,1.0,1.099,-0.0933,1.466,0.4836,1.1036
esophagitis_03.png,esophagitis,upsample:lanczos4,27.1512,0.8998,98.7597,9.9378,7.3851,2.4604,0.9574,0.9515,3.2593,42.3955,32.9085,6.025,25.3373,21.3853,110.0018,45.8174,1.4359,0.9835,39.9351,29.981,6.0985,51.9993,14.6527,56.3212,41.5425,0.0183,1.0,1.0976,-0.0735,1.4595,0.4873,1.1029
esophagitis_03.png,esophagitis,upsample:nearest,27.6439,0.889,88.1902,9.391,7.0866,2.173,0.9615,0.9564,3.095,42.1081,32.7809,6.143,54.9983,21.4968,141.3921,45.3901,1.3779,1.0,39.9351,29.981,6.0985,51.9993,14.6527,56.3212,41.5425,0.0183,1.0,1.0934,0.0445,1.4671,1.0577,1.0926
esophagitis_03.png,esophagitis,upsample:none,27.477,0.9056,91.7328,9.5777,7.0783,1.696,0.9571,0.9535,3.0974,41.631,32.3408,6.1008,25.2131,21.5909,141.5279,45.0477,1.445,0.9835,39.9351,29.981,6.0985,51.9993,14.6527,56.3212,41.5425,0.0183,1.0,1.0787,0.0023,1.4735,0.4849,1.0844
esophagitis_03.png,esophagitis,sr:none,26.2846,0.8368,121.4444,11.0202,8.4746,2.2304,0.9439,0.9392,3.6813,42.1655,32.6005,6.57,58.192,25.2081,138.6812,45.2006,2.4796,0.984,39.9351,29.981,6.0985,51.9993,14.6527,56.3212,41.5425,0.0183,1.0,1.0874,0.4715,1.7204,1.1191,1.0881
esophagitis_03.png,esophagitis,sr:lanczos_detail,25.6004,0.749,142.1853,11.9241,9.1597,2.3235,0.9343,0.9292,4.0417,42.2586,32.7685,6.6022,32.4596,28.8358,605.9056,45.5283,4.8065,0.9841,39.9351,29.981,6.0985,51.9993,14.6527,56.3212,41.5425,0.0183,1.0,1.093,0.5037,1.968,0.6242,1.0959
esophagitis_03.png,esophagitis,sr:ibp,25.3221,0.7079,151.7219,12.3175,9.4914,2.416,0.9303,0.9247,4.189,42.351,32.8779,6.6679,73.9144,29.506,956.5541,45.6843,4.863,1.0,39.9351,29.981,6.0985,51.9993,14.6527,56.3212,41.5425,0.0183,1.0,1.0966,0.5694,2.0137,1.4214,1.0997
esophagitis_03.png,esophagitis,sr:unsharp_sr,25.9832,0.7994,130.1942,11.4103,8.8318,2.4326,0.9403,0.9352,3.8661,42.3677,32.6796,6.6317,59.6816,27.172,268.116,45.3868,3.8376,1.0,39.9351,29.981,6.0985,51.9993,14.6527,56.3212,41.5425,0.0183,1.0,1.09,0.5332,1.8544,1.1477,1.0925
esophagitis_04.png,esophagitis,PAPER,28.1373,0.9082,78.2325,8.8449,6.519,2.7542,0.968,0.9604,2.9094,41.5192,32.3307,5.9768,25.5024,20.777,87.6339,45.683,0.6271,0.9825,38.765,29.098,6.0598,52.474,14.7039,55.8772,40.6544,0.0183,1.0,1.1111,-0.083,1.413,0.486,1.1237
esophagitis_04.png,esophagitis,space:yiq,26.2046,0.9021,155.0844,12.4533,8.6654,6.9855,0.9693,0.9369,2.9526,45.7505,35.6344,6.0325,52.3641,21.4231,68.1445,39.7843,0.3723,0.984,38.765,29.098,6.0598,52.474,14.7039,55.8772,40.6544,0.0183,1.0,1.2246,-0.0273,1.457,0.9979,0.9786
esophagitis_04.png,esophagitis,space:ycrcb,26.1129,0.9042,158.3275,12.5828,8.7778,7.2289,0.9698,0.9362,3.0575,45.994,35.6761,6.0145,25.0624,21.3992,69.3009,39.7337,0.3296,0.984,38.765,29.098,6.0598,52.474,14.7039,55.8772,40.6544,0.0183,1.0,1.2261,-0.0453,1.4553,0.4776,0.9774
esophagitis_04.png,esophagitis,space:lab,26.293,0.9101,152.6048,12.3533,8.4142,7.0488,0.9729,0.9387,3.006,45.8138,35.9027,6.1841,25.2876,22.4932,75.381,41.3463,0.8591,0.9843,38.765,29.098,6.0598,52.474,14.7039,55.8772,40.6544,0.0183,1.0,1.2339,0.1243,1.5297,0.4819,1.017
esophagitis_04.png,esophagitis,space:hsi,25.3289,0.899,150.4252,12.2648,8.5266,6.5004,0.9668,0.9372,3.5936,45.2654,35.3982,6.1817,55.382,21.5133,79.8077,49.5876,0.4089,1.0,38.765,29.098,6.0598,52.474,14.7039,55.8772,40.6544,0.0183,1.0,1.2165,0.1219,1.4631,1.0554,1.2197
esophagitis_04.png,esophagitis,contrast:clahe_sk,21.6226,0.5898,351.5786,18.7504,16.021,10.0316,0.8882,0.8534,7.6635,48.7966,34.3381,6.8578,56.6273,34.5403,430.3406,50.0066,5.0095,0.9835,38.765,29.098,6.0598,52.474,14.7039,55.8772,40.6544,0.0183,1.0,1.1801,0.798,2.3491,1.0791,1.23
esophagitis_04.png,esophagitis,contrast:he,21.919,0.701,322.736,17.9649,15.5813,15.5466,0.977,0.9087,7.5461,54.3116,34.9541,6.8608,53.1876,26.0297,491.0759,51.8186,0.7507,1.0,38.765,29.098,6.0598,52.474,14.7039,55.8772,40.6544,0.0183,1.0,1.2013,0.801,1.7703,1.0136,1.2746
esophagitis_04.png,esophagitis,contrast:bbhe,23.9128,0.728,209.51,14.4745,11.2584,8.0505,0.9578,0.9172,4.923,46.8156,36.5145,6.7524,24.6888,25.6046,186.4626,51.2507,3.4561,0.9704,38.765,29.098,6.0598,52.474,14.7039,55.8772,40.6544,0.0183,1.0,1.2549,0.6926,1.7413,0.4705,1.2606
esophagitis_04.png,esophagitis,contrast:dsihe,23.8891,0.7086,211.0464,14.5274,11.4727,7.2365,0.9489,0.9131,4.9925,46.0015,36.2323,6.7171,23.9222,25.9054,198.1009,50.7735,4.5517,0.9706,38.765,29.098,6.0598,52.474,14.7039,55.8772,40.6544,0.0183,1.0,1.2452,0.6573,1.7618,0.4559,1.2489
esophagitis_04.png,esophagitis,contrast:agcwd,25.8986,0.8021,131.7475,11.4781,9.6176,7.065,0.9508,0.929,4.421,31.7,26.863,5.504,16.5482,16.3376,56.9913,36.62,0.5081,0.8983,38.765,29.098,6.0598,52.474,14.7039,55.8772,40.6544,0.0183,1.0,0.9232,-0.5558,1.1111,0.3154,0.9008
esophagitis_04.png,esophagitis,contrast:msr,27.4066,0.7986,95.2092,9.7575,7.1887,2.5992,0.9561,0.9504,3.4115,41.3642,31.7901,6.6834,46.3144,24.7351,170.2913,44.4388,2.3712,1.0,38.765,29.098,6.0598,52.474,14.7039,55.8772,40.6544,0.0183,1.0,1.0925,0.6236,1.6822,0.8826,1.0931
esophagitis_04.png,esophagitis,contrast:stretch,27.5993,0.9063,88.6237,9.414,7.8043,6.828,0.9979,0.9671,3.2214,45.593,35.2381,5.978,52.449,17.013,74.7313,49.4178,0.174,1.0,38.765,29.098,6.0598,52.474,14.7039,55.8772,40.6544,0.0183,1.0,1.211,-0.0818,1.157,0.9995,1.2156
esophagitis_04.png,esophagitis,upsample:hu_wbi_literal,31.0776,0.9453,40.2511,6.3444,4.6775,1.6348,0.9776,0.9765,2.1094,37.1302,28.6389,5.947,24.5189,18.2142,72.1894,40.6684,0.1068,0.9806,38.765,29.098,6.0598,52.474,14.7039,55.8772,40.6544,0.0183,1.0,0.9842,-0.1128,1.2387,0.4673,1.0003
esophagitis_04.png,esophagitis,upsample:bilinear,28.1981,0.9142,77.2332,8.7882,6.4474,2.6914,0.9686,0.9609,2.8779,41.4564,32.3774,5.9392,25.5252,20.5532,80.3435,45.7072,0.3922,0.9825,38.765,29.098,6.0598,52.474,14.7039,55.8772,40.6544,0.0183,1.0,1.1127,-0.1206,1.3978,0.4864,1.1243
esophagitis_04.png,esophagitis,upsample:bicubic,28.1289,0.8995,78.4715,8.8584,6.582,2.7326,0.9681,0.9603,2.885,41.4976,32.4,6.13,55.4282,21.1754,97.2874,45.5249,0.6042,1.0,38.765,29.098,6.0598,52.474,14.7039,55.8772,40.6544,0.0183,1.0,1.1135,0.0702,1.4401,1.0563,1.1198
esophagitis_04.png,esophagitis,upsample:lanczos4,28.1235,0.9011,78.6136,8.8664,6.5859,2.7744,0.968,0.9603,2.8887,41.5394,32.3678,6.1444,55.6375,21.0745,99.3058,45.5114,0.5249,1.0,38.765,29.098,6.0598,52.474,14.7039,55.8772,40.6544,0.0183,1.0,1.1124,0.0846,1.4333,1.0603,1.1195
esophagitis_04.png,esophagitis,upsample:nearest,28.5629,0.9006,70.9754,8.4247,6.3335,2.5609,0.9706,0.9638,2.7874,41.3259,32.1537,6.1261,55.3537,20.9469,125.0988,45.2579,0.589,1.0,38.765,29.098,6.0598,52.474,14.7039,55.8772,40.6544,0.0183,1.0,1.105,0.0663,1.4246,1.0549,1.1132
esophagitis_04.png,esophagitis,upsample:none,28.5978,0.909,70.4892,8.3958,6.2814,2.0537,0.9686,0.9632,2.8201,40.8187,31.9197,5.9677,25.7511,20.8114,124.9064,45.081,0.6561,0.9823,38.765,29.098,6.0598,52.474,14.7039,55.8772,40.6544,0.0183,1.0,1.097,-0.0921,1.4154,0.4907,1.1089
esophagitis_04.png,esophagitis,sr:none,27.2741,0.8518,95.979,9.7969,7.5278,2.6237,0.9567,0.9503,3.3069,41.3887,32.0026,6.5362,60.3397,24.5548,126.9588,45.0784,1.1734,0.9829,38.765,29.098,6.0598,52.474,14.7039,55.8772,40.6544,0.0183,1.0,1.0998,0.4764,1.67,1.1499,1.1088
esophagitis_04.png,esophagitis,sr:lanczos_detail,26.532,0.7676,113.9675,10.6756,8.1848,2.7302,0.948,0.9412,3.6501,41.4952,32.1434,6.5686,31.6425,27.8723,551.8462,45.3722,3.8925,0.9831,38.765,29.098,6.0598,52.474,14.7039,55.8772,40.6544,0.0183,1.0,1.1047,0.5088,1.8956,0.603,1.116
esophagitis_04.png,esophagitis,sr:ibp,26.216,0.7271,122.5496,11.0702,8.4864,2.8685,0.944,0.9369,3.8114,41.6335,32.1777,6.5714,33.7494,28.3826,859.8763,45.4718,3.9352,0.9832,38.765,29.098,6.0598,52.474,14.7039,55.8772,40.6544,0.0183,1.0,1.1058,0.5116,1.9303,0.6432,1.1185
esophagitis_04.png,esophagitis,sr:unsharp_sr,26.9453,0.8163,103.5479,10.1758,7.8651,2.824,0.9535,0.9467,3.4811,41.589,32.0725,6.5982,62.5704,26.3797,242.5519,45.2502,2.6138,1.0,38.765,29.098,6.0598,52.474,14.7039,55.8772,40.6544,0.0183,1.0,1.1022,0.5384,1.7941,1.1924,1.113
esophagitis_05.png,esophagitis,PAPER,27.2322,0.9011,96.786,9.838,7.1103,2.7088,0.9561,0.9486,3.1219,41.8523,31.6706,5.9295,25.2029,20.8226,91.1997,46.4754,0.975,0.9813,39.1435,28.4695,6.0187,51.8164,14.3103,56.3689,41.6787,0.0183,1.0,1.1124,-0.0892,1.4551,0.4864,1.1151
esophagitis_05.png,esophagitis,space:yiq,26.1578,0.8989,156.8627,12.5245,8.6652,6.8068,0.9633,0.933,2.9212,45.9503,34.6492,5.9849,53.6959,21.1943,68.6834,40.8916,0.3693,1.0,39.1435,28.4695,6.0187,51.8164,14.3103,56.3689,41.6787,0.0183,1.0,1.2171,-0.0338,1.4811,1.0363,0.9811
esophagitis_05.png,esophagitis,space:ycrcb,26.0266,0.9003,161.5451,12.71,8.8162,7.0581,0.9633,0.9317,3.0429,46.2017,34.722,5.946,39.5909,21.18,69.9701,40.8844,0.4501,0.9829,39.1435,28.4695,6.0187,51.8164,14.3103,56.3689,41.6787,0.0183,1.0,1.2196,-0.0727,1.4801,0.7641,0.9809
esophagitis_05.png,esophagitis,space:lab,26.1938,0.9043,155.899,12.486,8.5697,6.9394,0.9674,0.9346,3.026,46.0829,35.0131,6.2009,24.802,22.4369,78.6185,42.3326,1.033,0.9832,39.1435,28.4695,6.0187,51.8164,14.3103,56.3689,41.6787,0.0183,1.0,1.2298,0.1822,1.5679,0.4787,1.0157
esophagitis_05.png,esophagitis,space:hsi,25.1704,0.9029,155.4115,12.4664,8.5615,6.3717,0.9588,0.9316,3.6341,45.5153,34.3194,6.0066,24.7936,21.2023,81.6716,50.2873,0.3357,0.9828,39.1435,28.4695,6.0187,51.8164,14.3103,56.3689,41.6787,0.0183,1.0,1.2055,-0.0121,1.4816,0.4785,1.2065
esophagitis_05.png,esophagitis,contrast:clahe_sk,21.0392,0.5736,403.9079,20.0975,17.1152,9.8701,0.8558,0.8223,8.0986,49.0136,33.8257,6.8487,46.5825,34.7138,448.1287,50.8396,4.686,0.9667,39.1435,28.4695,6.0187,51.8164,14.3103,56.3689,41.6787,0.0183,1.0,1.1881,0.83,2.4258,0.899,1.2198
esophagitis_05.png,esophagitis,contrast:he,22.1016,0.7084,308.9456,17.5768,15.3121,15.2914,0.9789,0.9121,7.4211,54.4349,34.2928,6.8131,51.8269,25.3386,487.4578,52.8922,0.5707,0.9826,39.1435,28.4695,6.0187,51.8164,14.3103,56.3689,41.6787,0.0183,1.0,1.2045,0.7944,1.7707,1.0002,1.269
esophagitis_05.png,esophagitis,contrast:bbhe,24.0126,0.7326,203.8955,14.2792,11.1611,8.0116,0.9575,0.9172,4.8729,47.1551,35.7581,6.7213,24.1134,24.7598,184.1215,52.4904,2.977,0.9664,39.1435,28.4695,6.0187,51.8164,14.3103,56.3689,41.6787,0.0183,1.0,1.256,0.7026,1.7302,0.4654,1.2594
esophagitis_05.png,esophagitis,contrast:dsihe,23.9448,0.7095,207.74,14.4132,11.4482,7.105,0.9458,0.9111,4.9604,46.2486,35.397,6.6787,21.5262,25.2399,196.3724,51.9671,3.4821,0.9504,39.1435,28.4695,6.0187,51.8164,14.3103,56.3689,41.6787,0.0183,1.0,1.2433,0.66,1.7638,0.4154,1.2469
esophagitis_05.png,esophagitis,contrast:agcwd,25.8113,0.7968,135.4803,11.6396,9.6481,7.116,0.9465,0.9248,4.5038,32.0275,26.2684,5.3934,16.5329,16.3505,60.2772,37.6963,0.3357,0.8824,39.1435,28.4695,6.0187,51.8164,14.3103,56.3689,41.6787,0.0183,1.0,0.9227,-0.6253,1.1426,0.3191,0.9044
esophagitis_05.png,esophagitis,contrast:msr,26.2366,0.7788,123.1081,11.0954,8.1723,4.3824,0.9502,0.9382,3.8426,43.5259,32.072,6.7172,44.5484,26.389,201.4992,47.3782,3.3737,1.0,39.1435,28.4695,6.0187,51.8164,14.3103,56.3689,41.6787,0.0183,1.0,1.1265,0.6985,1.8441,0.8597,1.1367
esophagitis_05.png,esophagitis,contrast:stretch,25.7363,0.8976,135.6472,11.6468,9.6463,8.7088,0.998,0.9523,3.9382,47.8523,35.9378,5.992,51.8142,17.162,81.6898,52.6191,0.1541,1.0,39.1435,28.4695,6.0187,51.8164,14.3103,56.3689,41.6787,0.0183,1.0,1.2623,-0.0267,1.1993,1.0,1.2625
esophagitis_05.png,esophagitis,upsample:hu_wbi_literal,29.8118,0.9409,54.0404,7.3512,5.3527,1.6525,0.9679,0.9669,2.3431,37.491,27.9616,5.8949,24.1589,18.2785,76.1017,41.4637,0.2655,0.9787,39.1435,28.4695,6.0187,51.8164,14.3103,56.3689,41.6787,0.0183,1.0,0.9822,-0.1238,1.2773,0.4662,0.9948
esophagitis_05.png,esophagitis,upsample:bilinear,27.3106,0.9152,95.0126,9.7474,6.9792,2.7025,0.9566,0.9494,3.033,41.8461,31.5784,6.0377,25.1999,20.8755,84.0453,46.4136,0.7736,0.9811,39.1435,28.4695,6.0187,51.8164,14.3103,56.3689,41.6787,0.0183,1.0,1.1092,0.019,1.4588,0.4863,1.1136
esophagitis_05.png,esophagitis,upsample:bicubic,27.2463,0.9041,96.3754,9.8171,7.098,2.7345,0.9561,0.9487,3.1283,41.878,31.619,5.9457,25.2583,21.0012,102.6452,46.4738,1.2268,0.9813,39.1435,28.4695,6.0187,51.8164,14.3103,56.3689,41.6787,0.0183,1.0,1.1106,-0.073,1.4676,0.4875,1.115
esophagitis_05.png,esophagitis,upsample:lanczos4,27.2156,0.9048,97.0685,9.8523,7.123,2.7733,0.9557,0.9483,3.1382,41.9168,31.5814,5.9615,25.2203,20.9093,105.257,46.4447,1.2054,0.9811,39.1435,28.4695,6.0187,51.8164,14.3103,56.3689,41.6787,0.0183,1.0,1.1093,-0.0572,1.4611,0.4867,1.1144
esophagitis_05.png,esophagitis,upsample:nearest,27.7527,0.8967,85.7565,9.2605,6.8166,2.5142,0.9605,0.954,2.996,41.6577,31.4375,6.1171,55.0391,21.0278,135.6285,46.0615,1.2024,1.0,39.1435,28.4695,6.0187,51.8164,14.3103,56.3689,41.6787,0.0183,1.0,1.1043,0.0984,1.4694,1.0622,1.1052
esophagitis_05.png,esophagitis,upsample:none,27.5804,0.9093,89.301,9.4499,6.8794,2.1126,0.9559,0.9509,3.0081,41.2561,31.0865,6.0563,25.273,21.2006,138.224,45.7526,1.3565,0.981,39.1435,28.4695,6.0187,51.8164,14.3103,56.3689,41.6787,0.0183,1.0,1.0919,0.0376,1.4815,0.4877,1.0977
esophagitis_05.png,esophagitis,sr:none,26.4453,0.845,116.5684,10.7967,8.099,2.5988,0.9428,0.9367,3.5109,41.7423,31.2748,6.5039,57.998,24.6315,132.4774,45.8968,1.7761,0.9818,39.1435,28.4695,6.0187,51.8164,14.3103,56.3689,41.6787,0.0183,1.0,1.0985,0.4852,1.7212,1.1193,1.1012
esophagitis_05.png,esophagitis,sr:lanczos_detail,25.7859,0.7587,135.6599,11.6473,8.7737,2.6935,0.9332,0.9266,3.8628,41.837,31.4389,6.5417,31.2974,28.0473,578.7759,46.2,4.0863,0.982,39.1435,28.4695,6.0187,51.8164,14.3103,56.3689,41.6787,0.0183,1.0,1.1043,0.523,1.9599,0.604,1.1085
esophagitis_05.png,esophagitis,sr:ibp,25.5038,0.7173,144.827,12.0344,9.1172,2.7815,0.9289,0.9219,4.0135,41.925,31.5406,6.6112,68.0142,28.6971,914.0381,46.3577,4.1748,1.0,39.1435,28.4695,6.0187,51.8164,14.3103,56.3689,41.6787,0.0183,1.0,1.1079,0.5925,2.0053,1.3126,1.1123
esophagitis_05.png,esophagitis,sr:unsharp_sr,26.1531,0.8088,124.6151,11.1631,8.4418,2.7981,0.9392,0.9327,3.6896,41.9417,31.3496,6.5676,59.1646,26.4763,255.8813,46.0749,2.9694,1.0,39.1435,28.4695,6.0187,51.8164,14.3103,56.3689,41.6787,0.0183,1.0,1.1012,0.5489,1.8502,1.1418,1.1055
hp_01.png,helicobacter_pylori,PAPER,27.4932,0.8929,100.1599,10.008,7.3135,3.2461,0.9625,0.9533,3.0588,44.908,33.7104,6.1464,25.8047,28.1087,167.5085,38.6647,1.5015,0.9823,41.6618,30.001,6.0597,52.2457,17.6875,70.5856,34.4542,0.0198,1.0,1.1236,0.0867,1.5892,0.4939,1.1222
hp_01.png,helicobacter_pylori,space:yiq,26.0355,0.8814,159.4889,12.6289,8.959,6.8985,0.9686,0.9389,3.1172,48.5603,36.5589,6.1252,55.5631,28.7598,180.2591,33.7482,1.6373,0.9833,41.6618,30.001,6.0597,52.2457,17.6875,70.5856,34.4542,0.0198,1.0,1.2186,0.0655,1.626,1.0635,0.9795
hp_01.png,helicobacter_pylori,space:ycrcb,25.953,0.8841,162.507,12.7478,9.0601,7.159,0.9692,0.9385,3.1969,48.8209,36.6046,6.1107,25.5137,28.7849,182.1366,33.687,1.7471,0.9833,41.6618,30.001,6.0597,52.2457,17.6875,70.5856,34.4542,0.0198,1.0,1.2201,0.051,1.6274,0.4883,0.9777
hp_01.png,helicobacter_pylori,space:lab,26.245,0.8844,151.8777,12.3239,8.6415,6.9437,0.973,0.9426,3.146,48.6055,36.6597,6.1909,24.5177,30.0328,199.9195,35.0291,3.5217,0.9836,41.6618,30.001,6.0597,52.2457,17.6875,70.5856,34.4542,0.0198,1.0,1.2219,0.1312,1.698,0.4693,1.0167
hp_01.png,helicobacter_pylori,space:hsi,25.4694,0.8977,161.6746,12.7151,8.8546,6.6761,0.9648,0.9369,3.5924,48.338,36.3481,6.1744,25.4741,27.8005,166.424,41.4056,0.9537,0.9835,41.6618,30.001,6.0597,52.2457,17.6875,70.5856,34.4542,0.0198,1.0,1.2116,0.1147,1.5718,0.4876,1.2018
hp_01.png,helicobacter_pylori,contrast:clahe_sk,20.5493,0.5303,493.1118,22.2061,18.9469,11.2649,0.8583,0.8157,8.5854,52.9267,37.1156,6.942,41.1557,48.6978,710.831,42.9785,14.3784,0.9699,41.6618,30.001,6.0597,52.2457,17.6875,70.5856,34.4542,0.0198,1.0,1.2371,0.8823,2.7532,0.7877,1.2474
hp_01.png,helicobacter_pylori,contrast:he,21.336,0.6708,412.2767,20.3046,17.1073,17.0979,0.975,0.8953,7.8844,58.7598,37.9387,6.9352,47.3789,34.281,554.3105,44.9094,4.5212,0.9844,41.6618,30.001,6.0597,52.2457,17.6875,70.5856,34.4542,0.0198,1.0,1.2646,0.8755,1.9381,0.9068,1.3035
hp_01.png,helicobacter_pylori,contrast:bbhe,22.7337,0.6713,305.1328,17.4681,13.514,9.72,0.9481,0.8943,5.6082,51.3818,39.3811,6.7952,22.9146,35.6007,339.7271,44.356,10.1654,0.9549,41.6618,30.001,6.0597,52.2457,17.6875,70.5856,34.4542,0.0198,1.0,1.3127,0.7355,2.0128,0.4386,1.2874
hp_01.png,helicobacter_pylori,contrast:dsihe,22.6146,0.64,313.5007,17.706,14.0191,8.5289,0.931,0.8849,5.7871,50.1908,38.9234,6.7325,21.0821,36.4286,385.2446,43.7317,11.2045,0.9412,41.6618,30.001,6.0597,52.2457,17.6875,70.5856,34.4542,0.0198,1.0,1.2974,0.6728,2.0596,0.4035,1.2693
hp_01.png,helicobacter_pylori,contrast:agcwd,26.1598,0.7878,135.5951,11.6445,9.6152,7.0816,0.9517,0.9326,4.0977,34.5802,27.7326,5.4197,16.6902,22.1089,135.7779,31.0741,0.9491,0.8868,41.6618,30.001,6.0597,52.2457,17.6875,70.5856,34.4542,0.0198,1.0,0.9244,-0.64,1.25,0.3195,0.9019
hp_01.png,helicobacter_pylori,contrast:msr,24.2004,0.7143,213.9231,14.6261,11.1536,8.8296,0.9536,0.921,5.1699,50.4914,35.9875,6.9016,44.9816,36.5129,351.9643,41.4647,7.9254,1.0,41.6618,30.001,6.0597,52.2457,17.6875,70.5856,34.4542,0.0198,1.0,1.1995,0.8419,2.0643,0.861,1.2035
hp_01.png,helicobacter_pylori,contrast:stretch,23.549,0.8866,251.772,15.8673,12.945,12.1292,0.9984,0.9277,5.0573,53.791,40.0449,6.159,52.6923,24.0165,135.7017,45.9966,0.1709,1.0,41.6618,30.001,6.0597,52.2457,17.6875,70.5856,34.4542,0.0198,1.0,1.3348,0.0993,1.3578,1.0085,1.335
hp_01.png,helicobacter_pylori,upsample:hu_wbi_literal,29.9913,0.9273,55.8526,7.4735,5.4417,1.7522,0.9704,0.9695,2.3217,39.9096,29.6841,5.9562,24.6009,24.6841,143.9559,34.4439,0.3601,0.9796,41.6618,30.001,6.0597,52.2457,17.6875,70.5856,34.4542,0.0198,1.0,0.9894,-0.1035,1.3956,0.4709,0.9997
hp_01.png,helicobacter_pylori,upsample:bilinear,27.6337,0.9061,96.6965,9.8334,7.1832,3.1893,0.964,0.9549,3.0195,44.8512,33.6981,6.1267,25.6451,27.5009,150.9415,38.6252,1.1642,0.9821,41.6618,30.001,6.0597,52.2457,17.6875,70.5856,34.4542,0.0198,1.0,1.1232,0.067,1.5548,0.4909,1.1211
hp_01.png,helicobacter_pylori,upsample:bicubic,27.4996,0.8951,100.0407,10.002,7.3143,3.3142,0.9628,0.9535,3.0569,44.9761,33.7091,6.1555,25.8794,28.7428,187.8155,38.6872,1.7944,0.9823,41.6618,30.001,6.0597,52.2457,17.6875,70.5856,34.4542,0.0198,1.0,1.1236,0.0958,1.625,0.4953,1.1229
hp_01.png,helicobacter_pylori,upsample:lanczos4,27.5072,0.8969,99.9274,9.9964,7.3228,3.3768,0.9628,0.9536,3.0574,45.0386,33.6638,6.1692,25.7969,28.4113,189.6609,38.6601,1.7227,0.9823,41.6618,30.001,6.0597,52.2457,17.6875,70.5856,34.4542,0.0198,1.0,1.1221,0.1095,1.6063,0.4938,1.1221
hp_01.png,helicobacter_pylori,upsample:nearest,28.0078,0.8965,88.8159,9.4242,6.9684,3.1572,0.9666,0.9584,2.9303,44.819,33.4465,6.1366,25.5969,28.2554,231.384,38.4906,1.8723,0.9821,41.6618,30.001,6.0597,52.2457,17.6875,70.5856,34.4542,0.0198,1.0,1.1148,0.0769,1.5975,0.4899,1.1172
hp_01.png,helicobacter_pylori,upsample:none,28.1262,0.8958,86.3275,9.2913,6.8808,2.5769,0.9653,0.9585,2.9204,44.2388,33.2331,6.1426,25.7383,28.3188,233.8848,38.1445,1.8997,0.982,41.6618,30.001,6.0597,52.2457,17.6875,70.5856,34.4542,0.0198,1.0,1.1077,0.0829,1.6011,0.4926,1.1071
hp_01.png,helicobacter_pylori,sr:none,26.7538,0.828,118.4409,10.8831,8.3061,3.0499,0.9508,0.9433,3.488,44.7118,33.3009,6.581,58.7473,32.1543,200.7223,37.8745,4.0619,0.9828,41.6618,30.001,6.0597,52.2457,17.6875,70.5856,34.4542,0.0198,1.0,1.11,0.5213,1.8179,1.1244,1.0993
hp_01.png,helicobacter_pylori,sr:lanczos_detail,25.7757,0.7226,148.133,12.171,9.305,3.1655,0.9378,0.9294,3.9401,44.8273,33.5714,6.637,33.0243,38.8706,757.3033,38.2979,11.9125,0.9831,41.6618,30.001,6.0597,52.2457,17.6875,70.5856,34.4542,0.0198,1.0,1.119,0.5773,2.1976,0.6321,1.1116
hp_01.png,helicobacter_pylori,sr:ibp,25.5109,0.6897,157.4858,12.5493,9.5962,3.2989,0.9339,0.9251,4.0949,44.9607,33.6263,6.6381,34.6774,38.9454,1118.6432,38.3899,11.8988,0.9831,41.6618,30.001,6.0597,52.2457,17.6875,70.5856,34.4542,0.0198,1.0,1.1208,0.5784,2.2019,0.6637,1.1142
hp_01.png,helicobacter_pylori,sr:unsharp_sr,26.2878,0.7781,131.8215,11.4814,8.8145,3.2656,0.9455,0.9373,3.7242,44.9275,33.4472,6.6482,60.4215,35.9245,368.2288,38.0808,8.3527,1.0,41.6618,30.001,6.0597,52.2457,17.6875,70.5856,34.4542,0.0198,1.0,1.1149,0.5885,2.0311,1.1565,1.1053
hp_02.png,helicobacter_pylori,PAPER,27.4279,0.8937,101.4735,10.0734,7.2763,3.2384,0.9623,0.9529,3.0758,44.8932,33.8354,6.1536,25.8311,28.3419,168.3045,38.4882,1.9958,0.9825,41.6549,30.0543,6.0431,52.3423,17.9381,72.4504,34.3136,0.0214,1.0,1.1258,0.1105,1.58,0.4935,1.1217
hp_02.png,helicobacter_pylori,space:yiq,25.932,0.8866,163.4324,12.7841,9.0316,6.9143,0.9672,0.9374,3.1659,48.5692,36.636,6.1119,25.4456,28.9311,178.9289,33.5431,2.0905,0.9835,41.6549,30.0543,6.0431,52.3423,17.9381,72.4504,34.3136,0.0214,1.0,1.219,0.0688,1.6128,0.4861,0.9775
hp_02.png,helicobacter_pylori,space:ycrcb,25.8438,0.8873,166.7632,12.9137,9.1634,7.1697,0.9677,0.9369,3.231,48.8246,36.703,6.1466,25.4881,29.0138,181.3806,33.5171,2.005,0.9836,41.6549,30.0543,6.0431,52.3423,17.9381,72.4504,34.3136,0.0214,1.0,1.2212,0.1035,1.6174,0.487,0.9768
hp_02.png,helicobacter_pylori,space:lab,26.1072,0.8854,156.8154,12.5226,8.7442,6.981,0.9718,0.9408,3.1869,48.6359,36.8133,6.2041,24.3802,30.2308,199.19,34.8932,3.5172,0.9837,41.6549,30.0543,6.0431,52.3423,17.9381,72.4504,34.3136,0.0214,1.0,1.2249,0.161,1.6853,0.4658,1.0169
hp_02.png,helicobacter_pylori,space:hsi,25.3764,0.8975,165.3249,12.8579,8.9333,6.6192,0.9628,0.9353,3.6452,48.2741,36.3939,6.1886,25.7745,28.0788,167.6048,41.2163,1.4648,0.9836,41.6549,30.0543,6.0431,52.3423,17.9381,72.4504,34.3136,0.0214,1.0,1.2109,0.1455,1.5653,0.4924,1.2012
hp_02.png,helicobacter_pylori,contrast:clahe_sk,20.4377,0.5338,505.2234,22.4772,19.252,11.4098,0.8608,0.8149,8.7067,53.0647,37.7461,6.9346,37.8422,48.2664,698.6685,42.9771,13.9709,0.9552,41.6549,30.0543,6.0431,52.3423,17.9381,72.4504,34.3136,0.0214,1.0,1.2559,0.8915,2.6907,0.723,1.2525
hp_02.png,helicobacter_pylori,contrast:he,21.2909,0.6655,415.8081,20.3914,17.082,17.072,0.9737,0.8939,7.8911,58.7269,38.0663,6.9494,50.2691,35.0794,567.4987,44.7778,5.5771,0.9845,41.6549,30.0543,6.0431,52.3423,17.9381,72.4504,34.3136,0.0214,1.0,1.2666,0.9063,1.9556,0.9604,1.305
hp_02.png,helicobacter_pylori,contrast:bbhe,22.5983,0.6619,315.0295,17.7491,13.578,9.8316,0.9455,0.8912,5.6473,51.4865,39.4906,6.8118,22.8312,36.6976,360.6629,44.2414,11.2457,0.9552,41.6549,30.0543,6.0431,52.3423,17.9381,72.4504,34.3136,0.0214,1.0,1.314,0.7687,2.0458,0.4362,1.2893
hp_02.png,helicobacter_pylori,contrast:dsihe,22.4823,0.6329,323.4117,17.9837,14.0279,8.6854,0.9291,0.8821,5.7991,50.3403,39.0782,6.7531,21.1693,37.6596,403.7838,43.6722,12.1338,0.9416,41.6549,30.0543,6.0431,52.3423,17.9381,72.4504,34.3136,0.0214,1.0,1.3003,0.71,2.0994,0.4044,1.2727
hp_02.png,helicobacter_pylori,contrast:agcwd,26.2501,0.7871,133.7917,11.5668,9.5165,7.0062,0.9525,0.9334,4.0005,34.6487,27.6804,5.3818,16.8618,22.6889,140.2296,31.0233,1.4557,0.8868,41.6549,30.0543,6.0431,52.3423,17.9381,72.4504,34.3136,0.0214,1.0,0.921,-0.6613,1.2648,0.3221,0.9041
hp_02.png,helicobacter_pylori,contrast:msr,24.1879,0.7206,215.4907,14.6796,11.0328,8.742,0.955,0.9209,5.0439,50.3969,36.4222,6.8951,43.241,36.739,340.5298,41.2624,8.4961,1.0,41.6549,30.0543,6.0431,52.3423,17.9381,72.4504,34.3136,0.0214,1.0,1.2119,0.852,2.0481,0.8261,1.2025
hp_02.png,helicobacter_pylori,contrast:stretch,23.0759,0.88,281.2802,16.7714,13.6699,12.8499,0.9981,0.921,5.3305,54.5048,40.6147,6.1524,52.9054,24.7542,144.8117,46.4175,0.4822,1.0,41.6549,30.0543,6.0431,52.3423,17.9381,72.4504,34.3136,0.0214,1.0,1.3514,0.1093,1.38,1.0108,1.3527
hp_02.png,helicobacter_pylori,upsample:hu_wbi_literal,29.9356,0.9277,56.272,7.5015,5.4753,1.7459,0.9704,0.9694,2.3348,39.909,29.8415,5.9568,24.4932,24.8876,143.76,34.2715,0.7584,0.9798,41.6549,30.0543,6.0431,52.3423,17.9381,72.4504,34.3136,0.0214,1.0,0.9929,-0.0863,1.3874,0.4679,0.9988
hp_02.png,helicobacter_pylori,upsample:bilinear,27.5883,0.9095,97.6687,9.8827,7.1089,3.2,0.9636,0.9546,3.0219,44.8549,33.7506,6.1081,25.7184,27.7301,151.4686,38.3518,1.4603,0.9825,41.6549,30.0543,6.0431,52.3423,17.9381,72.4504,34.3136,0.0214,1.0,1.123,0.065,1.5459,0.4914,1.1177
hp_02.png,helicobacter_pylori,upsample:bicubic,27.4634,0.8959,100.636,10.0318,7.2576,3.269,0.9627,0.9533,3.0699,44.9239,33.8202,6.1606,25.9,28.9579,188.3012,38.5097,2.3605,0.9825,41.6549,30.0543,6.0431,52.3423,17.9381,72.4504,34.3136,0.0214,1.0,1.1253,0.1175,1.6143,0.4948,1.1223
hp_02.png,helicobacter_pylori,upsample:lanczos4,27.4845,0.8981,100.1595,10.008,7.2473,3.2969,0.9629,0.9536,3.0436,44.9518,33.7906,6.1622,25.8684,28.62,189.5957,38.491,2.1576,0.9825,41.6549,30.0543,6.0431,52.3423,17.9381,72.4504,34.3136,0.0214,1.0,1.1243,0.1191,1.5955,0.4942,1.1217
hp_02.png,helicobacter_pylori,upsample:nearest,27.9078,0.8971,90.8064,9.5292,6.9753,3.0735,0.9657,0.9575,2.9367,44.7284,33.5526,6.1511,25.6982,28.501,232.5614,38.274,2.1103,0.9821,41.6549,30.0543,6.0431,52.3423,17.9381,72.4504,34.3136,0.0214,1.0,1.1164,0.108,1.5889,0.491,1.1154
hp_02.png,helicobacter_pylori,upsample:none,27.9492,0.8993,89.7546,9.4739,6.9546,2.5965,0.9638,0.957,2.9628,44.2513,33.2927,6.1272,25.6983,28.4271,231.7153,37.9044,2.0157,0.9821,41.6549,30.0543,6.0431,52.3423,17.9381,72.4504,34.3136,0.0214,1.0,1.1078,0.0841,1.5847,0.491,1.1046
hp_02.png,helicobacter_pylori,sr:none,26.6807,0.8281,120.1591,10.9617,8.2971,3.0548,0.9505,0.9428,3.4951,44.7097,33.4171,6.583,58.6975,32.3718,203.0732,37.6824,4.1214,0.9829,41.6549,30.0543,6.0431,52.3423,17.9381,72.4504,34.3136,0.0214,1.0,1.1119,0.5399,1.8046,1.1214,1.0982
hp_02.png,helicobacter_pylori,sr:lanczos_detail,25.7216,0.7254,149.6991,12.2352,9.3014,3.1715,0.9376,0.929,3.9417,44.8264,33.6868,6.6403,33.1928,38.9871,754.5014,38.1111,11.7401,0.9832,41.6549,30.0543,6.0431,52.3423,17.9381,72.4504,34.3136,0.0214,1.0,1.1209,0.5972,2.1734,0.6341,1.1107
hp_02.png,helicobacter_pylori,sr:ibp,25.4676,0.6934,158.7447,12.5994,9.5929,3.3056,0.9338,0.9249,4.1001,44.9604,33.7366,6.6425,34.7591,39.0313,1112.3053,38.1983,11.7142,0.9832,41.6549,30.0543,6.0431,52.3423,17.9381,72.4504,34.3136,0.0214,1.0,1.1225,0.5994,2.1759,0.6641,1.1132
hp_02.png,helicobacter_pylori,sr:unsharp_sr,26.2225,0.7795,133.5078,11.5546,8.8121,3.2664,0.9453,0.9368,3.7318,44.9213,33.5718,6.6508,60.4502,36.1078,370.3297,37.8907,8.8043,1.0,41.6549,30.0543,6.0431,52.3423,17.9381,72.4504,34.3136,0.0214,1.0,1.117,0.6077,2.0129,1.1549,1.1042
hp_03.png,helicobacter_pylori,PAPER,27.0112,0.8934,112.3768,10.6008,7.6847,3.3986,0.9586,0.9489,3.1962,45.1069,34.2109,6.165,26.4981,28.4932,169.1739,38.3512,1.947,0.9825,41.7083,30.38,6.0836,52.6958,18.091,71.911,33.8995,0.0198,1.0,1.1261,0.0814,1.575,0.5029,1.1313
hp_03.png,helicobacter_pylori,space:yiq,25.6324,0.8816,175.8538,13.261,9.4318,7.2733,0.9657,0.9345,3.2818,48.9816,37.1278,6.0972,55.0818,29.0365,178.5634,33.1578,2.4216,0.9835,41.7083,30.38,6.0836,52.6958,18.091,71.911,33.8995,0.0198,1.0,1.2221,0.0136,1.605,1.0453,0.9781
hp_03.png,helicobacter_pylori,space:ycrcb,25.5511,0.8849,178.9761,13.3782,9.5347,7.5276,0.9662,0.934,3.3574,49.2359,37.1627,6.1016,25.9353,29.0949,181.4803,33.1341,2.0035,0.9835,41.7083,30.38,6.0836,52.6958,18.091,71.911,33.8995,0.0198,1.0,1.2233,0.018,1.6083,0.4922,0.9774
hp_03.png,helicobacter_pylori,space:lab,25.7641,0.8854,170.3905,13.0534,9.1494,7.3161,0.9694,0.9372,3.3379,49.0244,37.2718,6.2401,25.0267,30.4171,200.1317,34.4705,3.8513,0.9837,41.7083,30.38,6.0836,52.6958,18.091,71.911,33.8995,0.0198,1.0,1.2269,0.1565,1.6813,0.4749,1.0168
hp_03.png,helicobacter_pylori,space:hsi,25.1118,0.8976,176.0564,13.2686,9.3143,6.985,0.9615,0.9329,3.7542,48.6933,36.8026,6.1799,26.1438,28.2515,168.3732,41.1121,1.4786,0.9835,41.7083,30.38,6.0836,52.6958,18.091,71.911,33.8995,0.0198,1.0,1.2114,0.0963,1.5616,0.4961,1.2128
hp_03.png,helicobacter_pylori,contrast:clahe_sk,20.4906,0.5418,501.8814,22.4027,19.058,11.3865,0.8617,0.8177,8.5945,53.0948,37.783,6.941,40.113,47.5222,668.3818,42.5119,13.8321,0.9699,41.7083,30.38,6.0836,52.6958,18.091,71.911,33.8995,0.0198,1.0,1.2437,0.8574,2.6268,0.7612,1.2541
hp_03.png,helicobacter_pylori,contrast:he,21.3144,0.6735,415.6324,20.3871,17.2669,17.2571,0.977,0.8966,7.9494,58.9654,38.3911,6.9434,51.1915,34.1154,554.0449,44.1445,4.5761,0.9845,41.7083,30.38,6.0836,52.6958,18.091,71.911,33.8995,0.0198,1.0,1.2637,0.8598,1.8858,0.9715,1.3022
hp_03.png,helicobacter_pylori,contrast:bbhe,22.7805,0.6764,303.5415,17.4224,13.5248,9.817,0.9514,0.8974,5.6036,51.5253,39.8412,6.7973,22.9555,35.3925,340.3164,43.6353,10.144,0.9552,41.7083,30.38,6.0836,52.6958,18.091,71.911,33.8995,0.0198,1.0,1.3114,0.7137,1.9564,0.4356,1.2872
hp_03.png,helicobacter_pylori,contrast:dsihe,22.6986,0.6488,309.1044,17.5814,13.9205,8.7108,0.9369,0.8898,5.7415,50.4191,39.4364,6.7385,21.2324,36.1303,379.4923,43.091,10.9818,0.9416,41.7083,30.38,6.0836,52.6958,18.091,71.911,33.8995,0.0198,1.0,1.2981,0.6549,1.9971,0.4029,1.2711
hp_03.png,helicobacter_pylori,contrast:agcwd,26.1792,0.7904,135.6588,11.6473,9.6458,7.1043,0.9531,0.9339,4.1092,34.604,28.1032,5.4333,16.9153,22.3533,136.0097,30.5465,1.2421,0.8909,41.7083,30.38,6.0836,52.6958,18.091,71.911,33.8995,0.0198,1.0,0.9251,-0.6503,1.2356,0.321,0.9011
hp_03.png,helicobacter_pylori,contrast:msr,24.5143,0.7298,200.6012,14.1634,10.6078,8.019,0.9553,0.9252,4.8307,49.7273,36.485,6.8952,46.6151,36.5459,331.2353,40.6172,7.9056,1.0,41.7083,30.38,6.0836,52.6958,18.091,71.911,33.8995,0.0198,1.0,1.201,0.8116,2.0201,0.8846,1.1982
hp_03.png,helicobacter_pylori,contrast:stretch,23.8521,0.8902,236.8218,15.389,12.5061,11.6822,0.9984,0.9319,4.9152,53.3905,40.205,6.1791,53.1462,24.3495,137.2334,44.8529,0.2228,1.0,41.7083,30.38,6.0836,52.6958,18.091,71.911,33.8995,0.0198,1.0,1.3234,0.0955,1.3459,1.0085,1.3231
hp_03.png,helicobacter_pylori,upsample:hu_wbi_literal,29.5899,0.9286,61.8938,7.8673,5.7074,1.5872,0.9676,0.9669,2.4046,40.1211,30.1607,5.9814,25.1922,24.9706,143.8093,34.0736,0.6042,0.98,41.7083,30.38,6.0836,52.6958,18.091,71.911,33.8995,0.0198,1.0,0.9928,-0.1022,1.3803,0.4781,1.0051
hp_03.png,helicobacter_pylori,upsample:bilinear,27.1562,0.9067,108.6249,10.4223,7.5521,3.3082,0.9602,0.9506,3.1731,45.0165,34.2358,6.1478,26.3139,27.916,151.563,38.3205,1.7868,0.9825,41.7083,30.38,6.0836,52.6958,18.091,71.911,33.8995,0.0198,1.0,1.1269,0.0642,1.5431,0.4994,1.1304
hp_03.png,helicobacter_pylori,upsample:bicubic,27.0632,0.896,111.2458,10.5473,7.6594,3.4638,0.9592,0.9495,3.1835,45.1721,34.1923,6.1721,26.3799,29.108,189.2612,38.3517,2.6443,0.9825,41.7083,30.38,6.0836,52.6958,18.091,71.911,33.8995,0.0198,1.0,1.1255,0.0885,1.609,0.5006,1.1313
hp_03.png,helicobacter_pylori,upsample:lanczos4,27.057,0.8983,111.3185,10.5508,7.6657,3.521,0.9592,0.9496,3.1907,45.2293,34.165,6.1658,26.3238,28.7459,189.4628,38.3536,2.4048,0.9825,41.7083,30.38,6.0836,52.6958,18.091,71.911,33.8995,0.0198,1.0,1.1246,0.0822,1.589,0.4995,1.1314
hp_03.png,helicobacter_pylori,upsample:nearest,27.4927,0.8977,100.633,10.0316,7.3644,3.2822,0.9627,0.954,3.0766,44.9905,33.9627,6.1573,26.0783,28.603,231.8899,38.1404,2.4719,0.9823,41.7083,30.38,6.0836,52.6958,18.091,71.911,33.8995,0.0198,1.0,1.1179,0.0737,1.5811,0.4949,1.1251
hp_03.png,helicobacter_pylori,upsample:none,27.8188,0.8994,93.1841,9.6532,7.1279,2.896,0.9646,0.9568,3.0107,44.6043,33.8335,6.1626,26.2206,28.5742,232.8245,37.9175,2.4582,0.9823,41.7083,30.38,6.0836,52.6958,18.091,71.911,33.8995,0.0198,1.0,1.1137,0.079,1.5795,0.4976,1.1185
hp_03.png,helicobacter_pylori,sr:none,26.3089,0.8292,131.7836,11.4797,8.6941,3.1949,0.9466,0.9386,3.6367,44.9032,33.8246,6.5889,59.6761,32.4491,202.0689,37.5664,4.3472,0.9829,41.7083,30.38,6.0836,52.6958,18.091,71.911,33.8995,0.0198,1.0,1.1134,0.5053,1.7937,1.1325,1.1082
hp_03.png,helicobacter_pylori,sr:lanczos_detail,25.4305,0.7265,161.2483,12.6984,9.6432,3.3101,0.9342,0.9253,4.0692,45.0184,34.1028,6.6468,33.4394,39.1245,760.0368,37.9715,11.795,0.9833,41.7083,30.38,6.0836,52.6958,18.091,71.911,33.8995,0.0198,1.0,1.1225,0.5632,2.1626,0.6346,1.1201
hp_03.png,helicobacter_pylori,sr:ibp,25.1952,0.6943,170.3003,13.0499,9.9196,3.4498,0.9305,0.9212,4.2136,45.1581,34.1406,6.6502,34.2852,39.1418,1118.6391,38.0721,12.0056,0.9833,41.7083,30.38,6.0836,52.6958,18.091,71.911,33.8995,0.0198,1.0,1.1238,0.5666,2.1636,0.6506,1.1231
hp_03.png,helicobacter_pylori,sr:unsharp_sr,25.8939,0.7806,144.9791,12.0407,9.1825,3.4125,0.9416,0.9329,3.8604,45.1208,33.9684,6.6569,61.3471,36.167,369.1852,37.7735,8.3588,1.0,41.7083,30.38,6.0836,52.6958,18.091,71.911,33.8995,0.0198,1.0,1.1181,0.5733,1.9992,1.1642,1.1143
hp_04.png,helicobacter_pylori,PAPER,27.2687,0.8984,105.6267,10.2775,7.4534,3.2272,0.9635,0.9548,3.1696,45.6528,35.2427,6.2083,26.6627,27.7526,161.6238,40.2002,1.7014,0.9831,42.4256,31.4519,6.1269,52.7731,18.0025,71.3616,35.8096,0.0168,1.0,1.1205,0.0814,1.5416,0.5052,1.1226
hp_04.png,helicobacter_pylori,space:yiq,25.7185,0.8902,172.0556,13.117,9.2376,7.1421,0.9693,0.9393,3.2774,49.5677,38.3053,6.1287,26.1072,28.4543,172.6173,34.9473,1.9424,0.9843,42.4256,31.4519,6.1269,52.7731,18.0025,71.3616,35.8096,0.0168,1.0,1.2179,0.0018,1.5806,0.4947,0.9759
hp_04.png,helicobacter_pylori,space:ycrcb,25.6414,0.8898,175.0824,13.2319,9.3614,7.3775,0.9699,0.9389,3.3269,49.8031,38.3724,6.1458,26.1367,28.5012,174.7211,34.9689,2.0584,0.9843,42.4256,31.4519,6.1269,52.7731,18.0025,71.3616,35.8096,0.0168,1.0,1.22,0.0189,1.5832,0.4953,0.9765
hp_04.png,helicobacter_pylori,space:lab,25.8936,0.8918,165.3681,12.8596,8.97,7.2014,0.9735,0.9424,3.2903,49.627,38.4763,6.2456,25.0798,29.6682,191.851,36.4306,3.1097,0.9845,42.4256,31.4519,6.1269,52.7731,18.0025,71.3616,35.8096,0.0168,1.0,1.2233,0.1187,1.648,0.4752,1.0173
hp_04.png,helicobacter_pylori,space:hsi,25.1809,0.9024,172.9844,13.1524,9.1389,6.8822,0.966,0.9379,3.7565,49.3078,38.0913,6.2211,26.278,27.7314,162.6073,43.2791,1.1841,0.9843,42.4256,31.4519,6.1269,52.7731,18.0025,71.3616,35.8096,0.0168,1.0,1.2111,0.0942,1.5404,0.4979,1.2086
hp_04.png,helicobacter_pylori,contrast:clahe_sk,20.7721,0.5555,466.2863,21.5937,18.4199,10.8978,0.874,0.836,8.477,53.3234,38.1627,6.9692,46.9886,45.3012,639.4981,43.8232,12.2482,0.9706,42.4256,31.4519,6.1269,52.7731,18.0025,71.3616,35.8096,0.0168,1.0,1.2134,0.8423,2.5164,0.8904,1.2238
hp_04.png,helicobacter_pylori,contrast:he,21.5515,0.6809,387.9781,19.6972,16.7779,16.7641,0.9783,0.9064,7.8956,59.1897,38.7985,6.9687,53.1322,33.1623,554.9868,45.6847,3.5568,0.9846,42.4256,31.4519,6.1269,52.7731,18.0025,71.3616,35.8096,0.0168,1.0,1.2336,0.8418,1.8421,1.0068,1.2758
hp_04.png,helicobacter_pylori,contrast:bbhe,23.1389,0.6838,277.5132,16.6587,12.8761,9.1171,0.9533,0.9081,5.4331,51.5427,40.1918,6.8196,22.8701,34.1172,319.2604,45.0436,9.4788,0.9559,42.4256,31.4519,6.1269,52.7731,18.0025,71.3616,35.8096,0.0168,1.0,1.2779,0.6927,1.8951,0.4334,1.2579
hp_04.png,helicobacter_pylori,contrast:dsihe,23.031,0.6598,284.5108,16.8674,13.2021,8.2533,0.9417,0.9017,5.5798,50.6789,39.8397,6.798,22.7855,34.8783,355.0024,44.5309,10.4675,0.9565,42.4256,31.4519,6.1269,52.7731,18.0025,71.3616,35.8096,0.0168,1.0,1.2667,0.6711,1.9374,0.4318,1.2435
hp_04.png,helicobacter_pylori,contrast:agcwd,26.011,0.7893,139.6855,11.8189,9.7916,7.2511,0.9555,0.936,4.2224,35.1745,29.0219,5.4363,17.0748,21.9364,129.0417,32.3728,1.0712,0.8929,42.4256,31.4519,6.1269,52.7731,18.0025,71.3616,35.8096,0.0168,1.0,0.9227,-0.6906,1.2185,0.3236,0.904
hp_04.png,helicobacter_pylori,contrast:msr,25.1432,0.7363,171.7639,13.1059,9.7969,6.5835,0.9552,0.9349,4.5638,49.0091,36.5004,6.8923,46.7746,35.0778,320.0571,41.5046,7.0328,1.0,42.4256,31.4519,6.1269,52.7731,18.0025,71.3616,35.8096,0.0168,1.0,1.1605,0.7654,1.9485,0.8863,1.159
hp_04.png,helicobacter_pylori,contrast:stretch,24.5858,0.8967,199.0948,14.1101,11.4355,10.6,0.9984,0.9435,4.4992,53.0256,40.5373,6.1871,53.1169,23.67,129.6404,46.1779,0.3235,1.0,42.4256,31.4519,6.1269,52.7731,18.0025,71.3616,35.8096,0.0168,1.0,1.2889,0.0602,1.3148,1.0065,1.2895
hp_04.png,helicobacter_pylori,upsample:hu_wbi_literal,29.8597,0.9309,58.2758,7.6339,5.4907,1.788,0.9719,0.971,2.3465,40.6376,31.1195,6.0189,25.2874,24.4274,139.439,35.6442,0.5554,0.9808,42.4256,31.4519,6.1269,52.7731,18.0025,71.3616,35.8096,0.0168,1.0,0.9894,-0.108,1.3569,0.4792,0.9954
hp_04.png,helicobacter_pylori,upsample:bilinear,27.4412,0.9108,101.4971,10.0746,7.2829,3.1453,0.9652,0.9565,3.1008,45.5709,35.2454,6.1866,26.5065,27.2167,145.6109,40.1894,1.503,0.9831,42.4256,31.4519,6.1269,52.7731,18.0025,71.3616,35.8096,0.0168,1.0,1.1206,0.0597,1.5118,0.5023,1.1223
hp_04.png,helicobacter_pylori,upsample:bicubic,27.2954,0.9007,105.0768,10.2507,7.4275,3.2239,0.9637,0.955,3.1281,45.6495,35.2247,6.2088,26.6661,28.4076,181.7968,40.225,2.2141,0.9831,42.4256,31.4519,6.1269,52.7731,18.0025,71.3616,35.8096,0.0168,1.0,1.12,0.0819,1.578,0.5053,1.1233
hp_04.png,helicobacter_pylori,upsample:lanczos4,27.3141,0.9029,104.6464,10.2297,7.4165,3.2593,0.9638,0.9552,3.1226,45.6849,35.1863,6.2221,26.662,28.0839,181.9666,40.2008,1.8967,0.9831,42.4256,31.4519,6.1269,52.7731,18.0025,71.3616,35.8096,0.0168,1.0,1.1187,0.0952,1.56,0.5052,1.1226
hp_04.png,helicobacter_pylori,upsample:nearest,27.7862,0.9028,93.7421,9.6821,7.0796,3.0481,0.967,0.9594,2.9999,45.4737,34.9163,6.1879,26.2978,27.8387,220.3347,39.9432,2.0691,0.9829,42.4256,31.4519,6.1269,52.7731,18.0025,71.3616,35.8096,0.0168,1.0,1.1101,0.061,1.5464,0.4983,1.1154
hp_04.png,helicobacter_pylori,upsample:none,27.8384,0.9017,92.4519,9.6152,7.0238,2.7154,0.9664,0.9595,2.9752,45.141,34.8248,6.1931,26.4857,27.9796,223.4101,39.7872,2.124,0.9829,42.4256,31.4519,6.1269,52.7731,18.0025,71.3616,35.8096,0.0168,1.0,1.1072,0.0662,1.5542,0.5019,1.1111
hp_04.png,helicobacter_pylori,sr:none,26.5184,0.8322,125.3326,11.1952,8.4801,3.0591,0.9526,0.9452,3.5975,45.4847,34.8946,6.6281,59.0925,31.6626,194.7671,39.4619,3.3707,0.9835,42.4256,31.4519,6.1269,52.7731,18.0025,71.3616,35.8096,0.0168,1.0,1.1095,0.5012,1.7588,1.1197,1.102
hp_04.png,helicobacter_pylori,sr:lanczos_detail,25.6393,0.7328,153.152,12.3755,9.394,3.1796,0.9414,0.9332,4.0193,45.6051,35.1338,6.6729,33.8751,38.0853,723.9645,39.8242,10.7285,0.9837,42.4256,31.4519,6.1269,52.7731,18.0025,71.3616,35.8096,0.0168,1.0,1.1171,0.546,2.1156,0.6419,1.1121
hp_04.png,helicobacter_pylori,sr:ibp,25.3978,0.7007,161.8607,12.7224,9.6728,3.312,0.938,0.9296,4.1693,45.7376,35.1656,6.6732,34.8769,38.1326,1067.4553,39.9272,10.6155,0.9837,42.4256,31.4519,6.1269,52.7731,18.0025,71.3616,35.8096,0.0168,1.0,1.1181,0.5463,2.1182,0.6609,1.115
hp_04.png,helicobacter_pylori,sr:unsharp_sr,26.1055,0.7855,137.6317,11.7317,8.9456,3.2719,0.9482,0.9401,3.8174,45.6975,35.0208,6.6905,62.526,35.2357,354.0534,39.6503,7.0374,1.0,42.4256,31.4519,6.1269,52.7731,18.0025,71.3616,35.8096,0.0168,1.0,1.1135,0.5636,1.9573,1.1848,1.1073
hp_05.png,helicobacter_pylori,PAPER,27.2383,0.8943,105.0724,10.2505,7.4458,3.2308,0.9585,0.9491,3.1144,44.1844,33.1233,6.1383,26.3129,28.0889,164.0776,39.4366,1.7715,0.9823,40.9535,29.4286,6.0481,52.9866,17.8041,70.9527,35.1382,0.0214,1.0,1.1255,0.0902,1.5777,0.4966,1.1223
hp_05.png,helicobacter_pylori,space:yiq,25.7892,0.883,168.9989,13.0,9.2284,7.2412,0.9665,0.934,3.2028,48.1947,36.1532,6.1233,55.003,28.7254,175.8551,34.3256,1.6129,0.9836,40.9535,29.4286,6.0481,52.9866,17.8041,70.9527,35.1382,0.0214,1.0,1.2285,0.0752,1.6134,1.0381,0.9769
hp_05.png,helicobacter_pylori,space:ycrcb,25.695,0.8851,172.7664,13.1441,9.3408,7.471,0.9667,0.9331,3.275,48.4246,36.2057,6.1025,25.8962,28.7578,178.2287,34.3118,1.7548,0.9836,40.9535,29.4286,6.0481,52.9866,17.8041,70.9527,35.1382,0.0214,1.0,1.2303,0.0544,1.6152,0.4887,0.9765
hp_05.png,helicobacter_pylori,space:lab,25.9807,0.8856,161.6616,12.7146,8.9001,7.148,0.9698,0.9371,3.2253,48.1015,36.2294,6.2033,24.8929,29.9873,196.0504,35.7025,3.2242,0.9839,40.9535,29.4286,6.0481,52.9866,17.8041,70.9527,35.1382,0.0214,1.0,1.2311,0.1552,1.6843,0.4698,1.0161
hp_05.png,helicobacter_pylori,space:hsi,25.1625,0.8973,171.7916,13.1069,9.1219,6.871,0.9604,0.9308,3.6995,47.8246,35.8295,6.1725,26.1432,27.9441,166.2914,42.4681,1.12,0.9837,40.9535,29.4286,6.0481,52.9866,17.8041,70.9527,35.1382,0.0214,1.0,1.2175,0.1244,1.5695,0.4934,1.2086
hp_05.png,helicobacter_pylori,contrast:clahe_sk,20.5627,0.5418,487.5756,22.0811,18.9224,11.4347,0.8603,0.8145,8.5769,52.3883,36.7985,6.9241,39.6988,47.6173,684.2229,43.9486,13.1119,0.9548,40.9535,29.4286,6.0481,52.9866,17.8041,70.9527,35.1382,0.0214,1.0,1.2504,0.876,2.6745,0.7492,1.2507
hp_05.png,helicobacter_pylori,contrast:he,21.3201,0.6652,409.256,20.2301,17.0529,17.0434,0.9738,0.8927,7.8528,57.9969,37.2617,6.9146,49.4316,34.4865,559.119,46.0431,5.4062,0.9841,40.9535,29.4286,6.0481,52.9866,17.8041,70.9527,35.1382,0.0214,1.0,1.2662,0.8665,1.937,0.9329,1.3103
hp_05.png,helicobacter_pylori,contrast:bbhe,22.7484,0.6681,300.5773,17.3372,13.3748,9.6858,0.947,0.8924,5.5299,50.6393,38.7043,6.7752,22.8704,35.8293,347.0424,45.5396,10.3622,0.9542,40.9535,29.4286,6.0481,52.9866,17.8041,70.9527,35.1382,0.0214,1.0,1.3152,0.7271,2.0124,0.4316,1.296
hp_05.png,helicobacter_pylori,contrast:dsihe,22.6592,0.6397,306.7403,17.514,13.8076,8.5436,0.9311,0.8838,5.6772,49.4972,38.2851,6.7134,21.1999,36.7299,391.1606,44.9887,11.1084,0.9398,40.9535,29.4286,6.0481,52.9866,17.8041,70.9527,35.1382,0.0214,1.0,1.3009,0.6653,2.063,0.4001,1.2803
hp_05.png,helicobacter_pylori,contrast:agcwd,26.1323,0.7866,136.1394,11.6679,9.6478,7.1369,0.95,0.9297,4.1416,33.8167,27.1242,5.4022,17.1233,21.9673,132.9458,31.7015,1.1169,0.8879,40.9535,29.4286,6.0481,52.9866,17.8041,70.9527,35.1382,0.0214,1.0,0.9217,-0.6459,1.2338,0.3232,0.9022
hp_05.png,helicobacter_pylori,contrast:msr,25.3355,0.7452,163.2694,12.7777,9.4321,6.7105,0.9541,0.9317,4.3441,47.664,34.4467,6.8331,46.9486,34.9049,306.768,41.1635,6.4697,1.0,40.9535,29.4286,6.0481,52.9866,17.8041,70.9527,35.1382,0.0214,1.0,1.1705,0.785,1.9605,0.886,1.1715
hp_05.png,helicobacter_pylori,contrast:stretch,24.4773,0.8928,200.6528,14.1652,11.6033,10.7732,0.9983,0.9382,4.5582,51.7268,38.4164,6.1231,53.3035,23.6549,129.5114,45.8766,0.2808,1.0,40.9535,29.4286,6.0481,52.9866,17.8041,70.9527,35.1382,0.0214,1.0,1.3054,0.075,1.3286,1.006,1.3056
hp_05.png,helicobacter_pylori,upsample:hu_wbi_literal,29.8811,0.9296,56.7898,7.5359,5.4526,1.6032,0.9685,0.9677,2.3085,39.3503,29.1936,5.9535,25.0378,24.6092,139.8397,35.0623,0.502,0.9798,40.9535,29.4286,6.0481,52.9866,17.8041,70.9527,35.1382,0.0214,1.0,0.992,-0.0946,1.3822,0.4725,0.9978
hp_05.png,helicobacter_pylori,upsample:bilinear,27.3844,0.9076,101.5562,10.0775,7.3005,3.1549,0.9599,0.9507,3.0804,44.1085,33.1084,6.1199,26.1193,27.47,147.7446,39.3954,1.4038,0.9823,40.9535,29.4286,6.0481,52.9866,17.8041,70.9527,35.1382,0.0214,1.0,1.125,0.0718,1.5429,0.4929,1.1212
hp_05.png,helicobacter_pylori,upsample:bicubic,27.3056,0.8969,103.5766,10.1773,7.4035,3.2752,0.9594,0.9499,3.0962,44.2287,33.1187,6.1452,26.3567,28.6944,183.0955,39.462,2.2522,0.9823,40.9535,29.4286,6.0481,52.9866,17.8041,70.9527,35.1382,0.0214,1.0,1.1254,0.0971,1.6117,0.4974,1.1231
hp_05.png,helicobacter_pylori,upsample:lanczos4,27.2889,0.8991,104.0334,10.1997,7.4198,3.3592,0.9592,0.9497,3.0982,44.3127,33.0788,6.1602,26.431,28.3446,183.9233,39.4484,1.9531,0.9823,40.9535,29.4286,6.0481,52.9866,17.8041,70.9527,35.1382,0.0214,1.0,1.124,0.1121,1.592,0.4988,1.1227
hp_05.png,helicobacter_pylori,upsample:nearest,27.7762,0.899,92.782,9.6323,7.0645,3.0681,0.9628,0.9546,2.9695,44.0217,32.8107,6.1279,26.1222,28.1571,224.7807,39.1699,1.7715,0.9821,40.9535,29.4286,6.0481,52.9866,17.8041,70.9527,35.1382,0.0214,1.0,1.1149,0.0798,1.5815,0.493,1.1147
hp_05.png,helicobacter_pylori,upsample:none,27.9953,0.8992,88.0464,9.3833,6.898,2.6187,0.9635,0.9562,2.9318,43.5722,32.7254,6.1422,26.3057,28.2286,226.1517,38.9644,1.9424,0.9821,40.9535,29.4286,6.0481,52.9866,17.8041,70.9527,35.1382,0.0214,1.0,1.112,0.0941,1.5855,0.4965,1.1089
hp_05.png,helicobacter_pylori,sr:none,26.5273,0.8301,123.5395,11.1148,8.4411,3.0166,0.9462,0.9385,3.5442,43.9701,32.7186,6.5719,59.716,32.0867,198.247,38.6832,3.9307,0.9828,40.9535,29.4286,6.0481,52.9866,17.8041,70.9527,35.1382,0.0214,1.0,1.1118,0.5238,1.8022,1.127,1.1009
hp_05.png,helicobacter_pylori,sr:lanczos_detail,25.6149,0.7275,152.3076,12.3413,9.3758,3.1368,0.9331,0.9246,3.9727,44.0903,32.9881,6.6274,33.6478,38.678,735.7119,39.0848,11.0382,0.9831,40.9535,29.4286,6.0481,52.9866,17.8041,70.9527,35.1382,0.0214,1.0,1.121,0.5793,2.1724,0.635,1.1123
hp_05.png,helicobacter_pylori,sr:ibp,25.3728,0.6955,161.1335,12.6938,9.6496,3.2713,0.9293,0.9204,4.1198,44.2248,33.0283,6.6283,34.5133,38.6862,1083.3899,39.1819,11.0031,0.9831,40.9535,29.4286,6.0481,52.9866,17.8041,70.9527,35.1382,0.0214,1.0,1.1223,0.5802,2.1729,0.6514,1.1151
hp_05.png,helicobacter_pylori,sr:unsharp_sr,26.0949,0.7813,136.4637,11.6818,8.9279,3.2339,0.9409,0.9326,3.7716,44.1875,32.8616,6.6389,62.4068,35.8033,360.6874,38.8883,7.8629,1.0,40.9535,29.4286,6.0481,52.9866,17.8041,70.9527,35.1382,0.0214,1.0,1.1167,0.5908,2.011,1.1778,1.1067
polyp_01.png,polyp,PAPER,27.8919,0.917,82.0924,9.0605,6.5943,4.3027,0.9676,0.9464,2.9318,37.089,28.318,5.7923,25.5433,19.0806,66.414,38.4685,0.0122,0.9789,32.7863,23.8673,5.8468,52.4918,13.7717,49.9046,32.3089,0.029,1.0,1.1865,-0.0545,1.3855,0.4866,1.1906
polyp_01.png,polyp,space:yiq,26.5447,0.9092,143.2147,11.9672,8.5645,7.4512,0.9732,0.9229,2.9217,40.2374,30.8182,5.835,25.2112,19.7797,44.9924,31.3857,0.0,0.981,32.7863,23.8673,5.8468,52.4918,13.7717,49.9046,32.3089,0.029,1.0,1.2912,-0.0118,1.4363,0.4803,0.9714
polyp_01.png,polyp,space:ycrcb,26.4272,0.9088,147.0243,12.1254,8.711,7.6561,0.9734,0.9216,2.9972,40.4424,30.8843,5.8426,26.2216,19.79,45.6799,31.4394,0.0,0.981,32.7863,23.8673,5.8468,52.4918,13.7717,49.9046,32.3089,0.029,1.0,1.294,-0.0042,1.437,0.4995,0.9731
polyp_01.png,polyp,space:lab,26.4306,0.915,147.0356,12.1258,8.5251,7.7216,0.9775,0.9227,3.0415,40.5079,31.2051,6.0077,24.5126,20.6677,47.1928,32.9498,0.0,0.9813,32.7863,23.8673,5.8468,52.4918,13.7717,49.9046,32.3089,0.029,1.0,1.3074,0.1609,1.5007,0.467,1.0198
polyp_01.png,polyp,space:hsi,25.7713,0.9122,134.6334,11.6032,8.1725,6.8602,0.9691,0.9246,3.4581,39.6464,30.4016,5.8851,25.3196,19.8916,59.1696,41.1552,0.0,0.9808,32.7863,23.8673,5.8468,52.4918,13.7717,49.9046,32.3089,0.029,1.0,1.2738,0.0383,1.4444,0.4824,1.2738
polyp_01.png,polyp,contrast:clahe_sk,20.9587,0.5929,407.4808,20.1862,17.2552,12.8129,0.8815,0.8022,8.0032,45.5991,31.8212,6.7102,54.397,32.8354,342.377,44.2871,3.3661,0.964,32.7863,23.8673,5.8468,52.4918,13.7717,49.9046,32.3089,0.029,1.0,1.3333,0.8634,2.3843,1.0363,1.3707
polyp_01.png,polyp,contrast:he,20.6441,0.6873,433.4591,20.8197,18.3776,18.3566,0.981,0.8538,8.4665,51.1428,32.0731,6.7018,49.4258,25.6211,428.8554,45.9237,0.1526,0.9813,32.7863,23.8673,5.8468,52.4918,13.7717,49.9046,32.3089,0.029,1.0,1.3438,0.855,1.8604,0.9416,1.4214
polyp_01.png,polyp,contrast:bbhe,22.9152,0.7381,261.8539,16.1819,11.9478,9.3489,0.9535,0.8707,4.8517,42.1352,33.8383,6.447,20.7332,25.1566,126.9494,45.3065,2.7527,0.9469,32.7863,23.8673,5.8468,52.4918,13.7717,49.9046,32.3089,0.029,1.0,1.4178,0.6002,1.8267,0.395,1.4023
polyp_01.png,polyp,contrast:dsihe,22.9859,0.7162,257.8167,16.0567,11.9742,8.5352,0.9426,0.8674,4.8808,41.3214,33.5179,6.4304,20.5695,25.5394,138.9193,44.7923,3.8162,0.9474,32.7863,23.8673,5.8468,52.4918,13.7717,49.9046,32.3089,0.029,1.0,1.4043,0.5836,1.8545,0.3919,1.3864
polyp_01.png,polyp,contrast:agcwd,27.0213,0.8223,100.2165,10.0108,8.1811,6.2943,0.9455,0.9218,4.0241,26.492,22.1404,5.2873,18.0048,14.9989,34.8925,29.3145,0.087,0.8864,32.7863,23.8673,5.8468,52.4918,13.7717,49.9046,32.3089,0.029,1.0,0.9276,-0.5595,1.0891,0.343,0.9073
polyp_01.png,polyp,contrast:msr,25.0635,0.7598,159.0857,12.6129,9.6297,7.6562,0.9503,0.9099,4.5231,40.4425,29.411,6.6224,48.7508,25.9695,172.0376,40.4637,0.6119,1.0,32.7863,23.8673,5.8468,52.4918,13.7717,49.9046,32.3089,0.029,1.0,1.2323,0.7756,1.8857,0.9287,1.2524
polyp_01.png,polyp,contrast:stretch,23.6424,0.8892,219.5733,14.818,12.158,11.3594,0.9975,0.9054,4.8965,44.1456,33.1755,5.9849,52.7991,18.005,80.3355,44.9244,0.029,1.0,32.7863,23.8673,5.8468,52.4918,13.7717,49.9046,32.3089,0.029,1.0,1.39,0.1381,1.3074,1.0059,1.3905
polyp_01.png,polyp,upsample:hu_wbi_literal,31.7709,0.9438,33.6847,5.8039,4.3404,0.0516,0.9725,0.9716,2.0543,32.7346,24.868,5.5805,24.6275,16.5073,52.7323,33.8804,0.029,0.9756,32.7863,23.8673,5.8468,52.4918,13.7717,49.9046,32.3089,0.029,1.0,1.0419,-0.2663,1.1986,0.4692,1.0486
polyp_01.png,polyp,upsample:bilinear,28.0121,0.922,79.7829,8.9321,6.4713,4.1681,0.9684,0.9477,2.8797,36.9544,28.3057,5.7586,25.4481,18.9038,61.4083,38.4228,0.029,0.9787,32.7863,23.8673,5.8468,52.4918,13.7717,49.9046,32.3089,0.029,1.0,1.186,-0.0882,1.3727,0.4848,1.1892
polyp_01.png,polyp,upsample:bicubic,27.9307,0.9208,81.1475,9.0082,6.5559,4.3666,0.9685,0.9473,2.9275,37.1529,28.2867,5.7911,25.4648,19.0772,67.2483,38.5059,0.032,0.9787,32.7863,23.8673,5.8468,52.4918,13.7717,49.9046,32.3089,0.029,1.0,1.1852,-0.0557,1.3852,0.4851,1.1918
polyp_01.png,polyp,upsample:lanczos4,27.9053,0.9219,81.6882,9.0382,6.5762,4.4217,0.9682,0.947,2.9325,37.208,28.2601,5.8171,25.6268,19.0058,68.1935,38.4844,0.0107,0.9787,32.7863,23.8673,5.8468,52.4918,13.7717,49.9046,32.3089,0.029,1.0,1.1841,-0.0297,1.3801,0.4882,1.1911
polyp_01.png,polyp,upsample:nearest,28.2913,0.9126,74.6822,8.6419,6.4004,4.1216,0.9705,0.9509,2.8436,36.9079,28.1169,5.9644,55.3194,19.1462,82.8883,38.0893,0.032,1.0,32.7863,23.8673,5.8468,52.4918,13.7717,49.9046,32.3089,0.029,1.0,1.1781,0.1176,1.3903,1.0539,1.1789
polyp_01.png,polyp,upsample:none,28.6844,0.9232,68.1767,8.2569,6.1202,3.7028,0.9709,0.954,2.7534,36.489,27.8396,5.7731,25.528,18.8122,79.97,37.8565,0.0351,0.9785,32.7863,23.8673,5.8468,52.4918,13.7717,49.9046,32.3089,0.029,1.0,1.1664,-0.0737,1.366,0.4863,1.1717
polyp_01.png,polyp,sr:none,27.3587,0.868,92.9516,9.6411,7.2704,4.1193,0.9552,0.9371,3.2111,36.9056,27.906,6.3497,58.3559,22.7352,101.8047,37.8702,0.0443,0.9796,32.7863,23.8673,5.8468,52.4918,13.7717,49.9046,32.3089,0.029,1.0,1.1692,0.5029,1.6509,1.1117,1.1721
polyp_01.png,polyp,sr:lanczos_detail,26.805,0.7942,105.5546,10.274,7.8145,4.1929,0.9475,0.9285,3.485,36.9792,28.0662,6.4365,67.9931,25.4292,443.9167,38.1242,0.1648,1.0,32.7863,23.8673,5.8468,52.4918,13.7717,49.9046,32.3089,0.029,1.0,1.1759,0.5897,1.8465,1.2953,1.18
polyp_01.png,polyp,sr:ibp,26.5142,0.7544,112.9529,10.6279,8.129,4.316,0.9432,0.9236,3.6358,37.1022,28.1173,6.4449,76.8441,25.8814,704.9003,38.2394,0.2411,1.0,32.7863,23.8673,5.8468,52.4918,13.7717,49.9046,32.3089,0.029,1.0,1.1781,0.5981,1.8793,1.4639,1.1836
polyp_01.png,polyp,sr:unsharp_sr,27.0942,0.837,98.8135,9.9405,7.5683,4.3314,0.9526,0.9336,3.3598,37.1176,27.9589,6.4087,60.3058,24.1749,187.5679,38.013,0.0443,1.0,32.7863,23.8673,5.8468,52.4918,13.7717,49.9046,32.3089,0.029,1.0,1.1714,0.5619,1.7554,1.1489,1.1765
polyp_02.png,polyp,PAPER,28.1776,0.9051,76.6605,8.7556,6.5066,4.2952,0.9709,0.951,2.8589,37.1981,28.4148,5.9321,55.4638,19.1985,68.5928,38.2883,0.0275,1.0,32.9029,24.136,5.8592,52.827,13.6033,49.8776,32.4832,0.0259,1.0,1.1773,0.0729,1.4113,1.0499,1.1787
polyp_02.png,polyp,space:yiq,26.6499,0.9052,140.0893,11.8359,8.6787,7.6532,0.9759,0.9266,2.9432,40.5561,30.8902,5.834,55.3995,19.558,44.8819,31.5982,0.061,0.9806,32.9029,24.136,5.8592,52.827,13.6033,49.8776,32.4832,0.0259,1.0,1.2798,-0.0252,1.4377,1.0487,0.9728
polyp_02.png,polyp,space:ycrcb,26.5446,0.907,143.3395,11.9724,8.8104,7.8817,0.9766,0.9258,3.0641,40.7846,30.9424,5.801,25.2964,19.5434,45.8125,31.5361,0.0519,0.9806,32.9029,24.136,5.8592,52.827,13.6033,49.8776,32.4832,0.0259,1.0,1.282,-0.0582,1.4367,0.4789,0.9708
polyp_02.png,polyp,space:lab,26.6326,0.9144,140.7704,11.8647,8.5249,7.76,0.9809,0.9276,3.0224,40.6629,31.3223,6.0846,25.4421,20.6102,48.148,33.033,0.0641,0.9811,32.9029,24.136,5.8592,52.827,13.6033,49.8776,32.4832,0.0259,1.0,1.2977,0.2254,1.5151,0.4816,1.0169
polyp_02.png,polyp,space:hsi,25.9496,0.902,128.8706,11.3521,8.2387,6.9276,0.9723,0.9295,3.482,39.8305,30.4699,5.9704,55.682,19.8462,61.0462,41.0167,0.0549,1.0,32.9029,24.136,5.8592,52.827,13.6033,49.8776,32.4832,0.0259,1.0,1.2624,0.1112,1.4589,1.054,1.2627
polyp_02.png,polyp,contrast:clahe_sk,21.0372,0.5858,399.6226,19.9906,16.9544,12.719,0.8799,0.8058,7.9143,45.6219,31.5463,6.7256,52.3339,33.2023,364.2797,44.0189,3.2974,0.964,32.9029,24.136,5.8592,52.827,13.6033,49.8776,32.4832,0.0259,1.0,1.307,0.8664,2.4408,0.9907,1.3551
polyp_02.png,polyp,contrast:he,20.6522,0.6869,431.7889,20.7795,18.3834,18.362,0.9813,0.8561,8.514,51.2649,32.2273,6.7116,54.1951,25.3076,441.6766,45.9846,0.174,0.9815,32.9029,24.136,5.8592,52.827,13.6033,49.8776,32.4832,0.0259,1.0,1.3352,0.8524,1.8604,1.0259,1.4156
polyp_02.png,polyp,contrast:bbhe,22.9945,0.7369,257.4659,16.0457,11.803,9.1982,0.9534,0.8737,4.8333,42.1011,33.9555,6.4837,22.2922,24.7449,130.4517,45.2088,2.565,0.9474,32.9029,24.136,5.8592,52.827,13.6033,49.8776,32.4832,0.0259,1.0,1.4068,0.6245,1.819,0.422,1.3918
polyp_02.png,polyp,contrast:dsihe,23.0329,0.7154,255.3601,15.98,11.8787,8.431,0.9425,0.8699,4.8617,41.3339,33.6647,6.4287,20.5833,25.0501,140.0669,44.7607,3.2822,0.9474,32.9029,24.136,5.8592,52.827,13.6033,49.8776,32.4832,0.0259,1.0,1.3948,0.5695,1.8415,0.3896,1.378
polyp_02.png,polyp,contrast:agcwd,27.0608,0.819,98.8931,9.9445,8.1137,6.2198,0.9471,0.9241,4.005,26.6831,22.3934,5.2558,17.9699,14.6665,35.311,29.5506,0.0656,0.8851,32.9029,24.136,5.8592,52.827,13.6033,49.8776,32.4832,0.0259,1.0,0.9278,-0.6034,1.0782,0.3402,0.9097
polyp_02.png,polyp,contrast:msr,24.3886,0.7442,185.465,13.6186,10.5349,8.7101,0.9508,0.9019,4.9642,41.613,30.2744,6.6588,51.6843,26.5585,188.5464,41.5221,0.6256,1.0,32.9029,24.136,5.8592,52.827,13.6033,49.8776,32.4832,0.0259,1.0,1.2543,0.7996,1.9524,0.9784,1.2783
polyp_02.png,polyp,contrast:stretch,23.2735,0.8855,239.4764,15.475,12.6489,11.8561,0.9975,0.8999,5.0941,44.759,33.8769,6.0113,53.1672,18.0023,80.884,45.6205,0.0443,1.0,32.9029,24.136,5.8592,52.827,13.6033,49.8776,32.4832,0.0259,1.0,1.4036,0.1521,1.3234,1.0064,1.4044
polyp_02.png,polyp,upsample:hu_wbi_literal,32.0855,0.9305,31.3651,5.6005,4.1868,0.1398,0.9746,0.974,1.9482,32.7631,24.9621,5.7328,54.508,16.7324,55.037,33.6655,0.0336,1.0,32.9029,24.136,5.8592,52.827,13.6033,49.8776,32.4832,0.0259,1.0,1.0342,-0.1264,1.23,1.0318,1.0364
polyp_02.png,polyp,upsample:bilinear,28.263,0.9094,75.1389,8.6683,6.4312,4.2139,0.9717,0.9518,2.8487,37.1168,28.4427,5.9193,55.3372,19.0388,64.05,38.3396,0.0198,1.0,32.9029,24.136,5.8592,52.827,13.6033,49.8776,32.4832,0.0259,1.0,1.1784,0.0601,1.3996,1.0475,1.1803
polyp_02.png,polyp,upsample:bicubic,28.1749,0.8944,76.7549,8.761,6.5692,4.3089,0.9713,0.951,2.8603,37.2118,28.4729,5.9656,55.2585,19.2414,70.1197,38.4085,0.0183,1.0,32.9029,24.136,5.8592,52.827,13.6033,49.8776,32.4832,0.0259,1.0,1.1797,0.1064,1.4145,1.046,1.1824
polyp_02.png,polyp,upsample:lanczos4,28.1781,0.8968,76.6728,8.7563,6.5666,4.3548,0.9714,0.9512,2.861,37.2577,28.4309,5.9748,55.4435,19.1455,71.2725,38.3777,0.0305,1.0,32.9029,24.136,5.8592,52.827,13.6033,49.8776,32.4832,0.0259,1.0,1.1779,0.1156,1.4074,1.0495,1.1815
polyp_02.png,polyp,upsample:nearest,28.532,0.8969,70.7003,8.4083,6.3511,4.1178,0.9728,0.9544,2.7489,37.0207,28.2199,5.9559,55.2594,19.0266,85.6602,38.1025,0.032,1.0,32.9029,24.136,5.8592,52.827,13.6033,49.8776,32.4832,0.0259,1.0,1.1692,0.0967,1.3987,1.046,1.173
polyp_02.png,polyp,upsample:none,28.9539,0.9113,64.0258,8.0016,6.0287,3.7418,0.9738,0.9578,2.6755,36.6447,27.9624,5.9146,55.2317,18.9563,84.1816,37.7071,0.0198,1.0,32.9029,24.136,5.8592,52.827,13.6033,49.8776,32.4832,0.0259,1.0,1.1585,0.0554,1.3935,1.0455,1.1608
polyp_02.png,polyp,sr:none,27.7287,0.8719,85.3397,9.2379,6.9876,4.1504,0.9602,0.9434,3.0998,37.0533,27.9328,6.3319,60.235,22.5955,103.5822,37.8264,0.1205,0.9794,32.9029,24.136,5.8592,52.827,13.6033,49.8776,32.4832,0.0259,1.0,1.1573,0.4727,1.661,1.1402,1.1645
polyp_02.png,polyp,sr:lanczos_detail,27.1087,0.7948,98.291,9.9142,7.5504,4.2241,0.9521,0.9345,3.3839,37.127,28.0803,6.4203,66.2248,25.3919,448.4941,38.0853,0.3357,1.0,32.9029,24.136,5.8592,52.827,13.6033,49.8776,32.4832,0.0259,1.0,1.1634,0.5611,1.8666,1.2536,1.1725
polyp_02.png,polyp,sr:ibp,26.788,0.7543,105.8394,10.2878,7.8683,4.3431,0.9478,0.9296,3.5414,37.246,28.1399,6.4314,72.8105,25.8549,714.3334,38.2,0.354,1.0,32.9029,24.136,5.8592,52.827,13.6033,49.8776,32.4832,0.0259,1.0,1.1659,0.5722,1.9006,1.3783,1.176
polyp_02.png,polyp,sr:unsharp_sr,27.4289,0.8407,91.246,9.5523,7.28,4.3403,0.9575,0.9398,3.2663,37.2432,28.003,6.3939,61.3813,24.1142,191.9094,37.9581,0.1404,1.0,32.9029,24.136,5.8592,52.827,13.6033,49.8776,32.4832,0.0259,1.0,1.1602,0.5347,1.7727,1.1619,1.1685
polyp_03.png,polyp,PAPER,28.2344,0.9089,75.0847,8.6651,6.498,4.5807,0.976,0.9514,2.9324,35.8805,28.3398,5.9597,56.1582,19.2402,68.6144,38.0132,0.0595,1.0,31.2998,23.6556,5.8699,52.9883,13.8845,50.0224,31.7059,0.0198,1.0,1.198,0.0898,1.3857,1.0598,1.1989
polyp_03.png,polyp,space:yiq,26.7297,0.9081,137.6504,11.7325,8.6724,7.7251,0.9818,0.9258,2.9416,39.0249,30.8313,5.86,55.919,19.6876,44.7137,30.759,0.032,0.9806,31.2998,23.6556,5.8699,52.9883,13.8845,50.0224,31.7059,0.0198,1.0,1.3033,-0.0099,1.418,1.0553,0.9701
polyp_03.png,polyp,space:ycrcb,26.6117,0.9095,141.3467,11.8889,8.8167,7.9508,0.9822,0.9246,3.0465,39.2507,30.876,5.8277,25.7976,19.6586,45.6376,30.7138,0.0214,0.9806,31.2998,23.6556,5.8699,52.9883,13.8845,50.0224,31.7059,0.0198,1.0,1.3052,-0.0422,1.4159,0.4869,0.9687
polyp_03.png,polyp,space:lab,26.5526,0.9173,143.496,11.979,8.597,7.9592,0.9864,0.9243,3.0735,39.259,31.4006,6.0157,25.9739,20.5387,47.1266,32.3359,0.1068,0.9811,31.2998,23.6556,5.8699,52.9883,13.8845,50.0224,31.7059,0.0198,1.0,1.3274,0.1458,1.4793,0.4902,1.0199
polyp_03.png,polyp,space:hsi,26.0308,0.9051,125.7825,11.2153,8.2254,7.0455,0.9788,0.9295,3.5229,38.3453,30.4076,5.987,56.3201,19.9506,61.6239,40.6752,0.0549,1.0,31.2998,23.6556,5.8699,52.9883,13.8845,50.0224,31.7059,0.0198,1.0,1.2854,0.1171,1.4369,1.0629,1.2829
polyp_03.png,polyp,contrast:clahe_sk,21.0285,0.5991,396.8672,19.9215,16.9386,13.2225,0.8928,0.8065,7.9731,44.5223,31.5375,6.7023,60.9278,32.1062,341.399,43.7677,3.2959,0.9817,31.2998,23.6556,5.8699,52.9883,13.8845,50.0224,31.7059,0.0198,1.0,1.3332,0.8324,2.3124,1.1498,1.3804
polyp_03.png,polyp,contrast:he,20.3722,0.6815,456.975,21.377,19.0586,19.0278,0.9821,0.8429,8.8591,50.3276,31.898,6.6814,54.3036,24.9811,453.7985,45.6257,0.1663,1.0,31.2998,23.6556,5.8699,52.9883,13.8845,50.0224,31.7059,0.0198,1.0,1.3484,0.8115,1.7992,1.0248,1.439
polyp_03.png,polyp,contrast:bbhe,23.1678,0.7627,246.4081,15.6974,11.3969,9.0457,0.9605,0.8747,4.6552,40.3455,33.7332,6.3594,20.7094,24.1303,116.2183,44.6802,2.5909,0.9464,31.2998,23.6556,5.8699,52.9883,13.8845,50.0224,31.7059,0.0198,1.0,1.426,0.4895,1.7379,0.3908,1.4092
polyp_03.png,polyp,contrast:dsihe,23.2223,0.752,243.3434,15.5995,11.3805,8.5915,0.9551,0.8736,4.674,39.8913,33.5657,6.3479,20.625,24.33,121.8326,44.3818,3.1387,0.9469,31.2998,23.6556,5.8699,52.9883,13.8845,50.0224,31.7059,0.0198,1.0,1.4189,0.478,1.7523,0.3892,1.3998
polyp_03.png,polyp,contrast:agcwd,27.3503,0.8187,91.5916,9.5704,7.8443,5.9439,0.9486,0.9254,3.9575,25.356,21.9606,5.1429,17.9964,14.4518,33.3466,28.8794,0.0488,0.8851,31.2998,23.6556,5.8699,52.9883,13.8845,50.0224,31.7059,0.0198,1.0,0.9283,-0.727,1.0409,0.3396,0.9109
polyp_03.png,polyp,contrast:msr,24.8607,0.7489,166.071,12.8869,9.8954,7.9896,0.9508,0.9049,4.7421,39.2894,29.4532,6.6181,50.3948,26.4419,183.7328,40.2219,0.5463,1.0,31.2998,23.6556,5.8699,52.9883,13.8845,50.0224,31.7059,0.0198,1.0,1.2451,0.7482,1.9044,0.9511,1.2686
polyp_03.png,polyp,contrast:stretch,23.7412,0.8873,214.3969,14.6423,11.8643,11.0621,0.9978,0.9027,4.8373,42.362,33.071,6.0179,53.1559,18.221,81.0852,44.3265,0.058,1.0,31.2998,23.6556,5.8699,52.9883,13.8845,50.0224,31.7059,0.0198,1.0,1.398,0.148,1.3123,1.0032,1.3981
polyp_03.png,polyp,upsample:hu_wbi_literal,32.6543,0.9337,27.1544,5.211,3.9061,0.2818,0.9783,0.977,1.9125,31.5816,24.8792,5.759,55.3942,16.6698,55.0616,33.3801,0.0351,1.0,31.2998,23.6556,5.8699,52.9883,13.8845,50.0224,31.7059,0.0198,1.0,1.0517,-0.1109,1.2006,1.0454,1.0528
polyp_03.png,polyp,upsample:bilinear,28.3172,0.9125,74.1298,8.6099,6.4623,4.5211,0.9769,0.952,2.8993,35.821,28.4136,5.9351,56.0248,19.1163,64.979,37.951,0.0412,1.0,31.2998,23.6556,5.8699,52.9883,13.8845,50.0224,31.7059,0.0198,1.0,1.2011,0.0652,1.3768,1.0573,1.197
polyp_03.png,polyp,upsample:bicubic,28.2694,0.898,74.5768,8.6358,6.5463,4.6035,0.9771,0.952,2.8969,35.9034,28.4045,5.9745,55.8796,19.2349,70.0199,38.0897,0.0534,1.0,31.2998,23.6556,5.8699,52.9883,13.8845,50.0224,31.7059,0.0198,1.0,1.2008,0.1046,1.3854,1.0546,1.2013
polyp_03.png,polyp,upsample:lanczos4,28.2487,0.9004,74.9912,8.6597,6.5705,4.6789,0.977,0.9518,2.9059,35.9788,28.3736,5.9911,56.0542,19.1343,70.6284,38.0701,0.0305,1.0,31.2998,23.6556,5.8699,52.9883,13.8845,50.0224,31.7059,0.0198,1.0,1.1994,0.1212,1.3781,1.0579,1.2007
polyp_03.png,polyp,upsample:nearest,28.576,0.9006,69.4352,8.3328,6.3633,4.446,0.9779,0.9548,2.8006,35.7458,28.1583,5.9717,55.8348,19.0092,82.5679,37.7855,0.0549,1.0,31.2998,23.6556,5.8699,52.9883,13.8845,50.0224,31.7059,0.0198,1.0,1.1903,0.1018,1.3691,1.0537,1.1917
polyp_03.png,polyp,upsample:none,28.8947,0.9152,64.5118,8.0319,6.0491,3.9073,0.9754,0.9564,2.762,35.2071,27.7644,5.9368,56.0345,18.9351,80.1772,37.2704,0.0626,1.0,31.2998,23.6556,5.8699,52.9883,13.8845,50.0224,31.7059,0.0198,1.0,1.1737,0.0669,1.3638,1.0575,1.1755
polyp_03.png,polyp,sr:none,27.8584,0.8789,82.2356,9.0684,6.8981,4.4554,0.9666,0.945,3.1077,35.7552,27.9232,6.3174,61.1659,22.4824,100.0483,37.545,0.0992,0.9794,31.2998,23.6556,5.8699,52.9883,13.8845,50.0224,31.7059,0.0198,1.0,1.1804,0.4475,1.6192,1.1543,1.1842
polyp_03.png,polyp,sr:lanczos_detail,27.259,0.8067,94.3424,9.713,7.4273,4.543,0.9592,0.9367,3.379,35.8429,28.0714,6.4055,71.5932,25.1458,422.1871,37.773,0.2747,1.0,31.2998,23.6556,5.8699,52.9883,13.8845,50.0224,31.7059,0.0198,1.0,1.1867,0.5356,1.8111,1.3511,1.1914
polyp_03.png,polyp,sr:ibp,26.9445,0.7679,101.4866,10.0741,7.7366,4.6655,0.9551,0.932,3.5295,35.9653,28.1232,6.4153,81.2372,25.596,668.79,37.896,0.3342,1.0,31.2998,23.6556,5.8699,52.9883,13.8845,50.0224,31.7059,0.0198,1.0,1.1889,0.5454,1.8435,1.5331,1.1952
polyp_03.png,polyp,sr:unsharp_sr,27.559,0.849,88.0839,9.3853,7.193,4.658,0.9641,0.9415,3.2697,35.9578,27.9923,6.3818,65.3452,23.9516,181.8808,37.6703,0.1404,1.0,31.2998,23.6556,5.8699,52.9883,13.8845,50.0224,31.7059,0.0198,1.0,1.1833,0.5119,1.7251,1.2332,1.1881
polyp_04.png,polyp,PAPER,28.0635,0.9156,78.9261,8.884,6.5485,3.6843,0.9668,0.9511,2.9242,37.5375,29.258,5.8242,25.8343,18.9026,65.4025,39.624,0.0961,0.9796,33.8532,25.2206,5.902,52.5669,13.6499,49.5507,33.9969,0.0214,1.0,1.1601,-0.0778,1.3848,0.4915,1.1655
polyp_04.png,polyp,space:yiq,26.4921,0.9093,145.0909,12.0454,8.4867,7.2203,0.9723,0.9269,2.9123,41.0735,32.1493,5.8638,25.6669,19.5694,44.9592,33.0712,0.1068,0.9813,33.8532,25.2206,5.902,52.5669,13.6499,49.5507,33.9969,0.0214,1.0,1.2747,-0.0382,1.4337,0.4883,0.9728
polyp_04.png,polyp,space:ycrcb,26.3624,0.911,149.3512,12.2209,8.6529,7.4846,0.9726,0.9257,2.9888,41.3378,32.2059,5.9453,26.5266,19.7357,47.1963,33.1253,0.0366,0.9815,33.8532,25.2206,5.902,52.5669,13.6499,49.5507,33.9969,0.0214,1.0,1.277,0.0433,1.4458,0.5046,0.9744
polyp_04.png,polyp,space:lab,26.471,0.9168,145.888,12.0784,8.3612,7.4621,0.9774,0.9283,3.0078,41.3154,32.5157,6.0423,24.7079,20.3951,47.415,34.609,0.1602,0.9818,33.8532,25.2206,5.902,52.5669,13.6499,49.5507,33.9969,0.0214,1.0,1.2893,0.1403,1.4942,0.47,1.018
polyp_04.png,polyp,space:hsi,25.7086,0.9113,136.8717,11.6992,8.1754,6.6403,0.9686,0.9286,3.4593,40.4935,31.7394,5.916,25.7819,19.746,60.1512,42.7606,0.0351,0.9813,33.8532,25.2206,5.902,52.5669,13.6499,49.5507,33.9969,0.0214,1.0,1.2585,0.014,1.4466,0.4905,1.2578
polyp_04.png,polyp,contrast:clahe_sk,20.8986,0.5776,411.9206,20.2958,17.279,12.3215,0.8733,0.807,8.1025,46.1747,32.475,6.7419,58.6461,32.8672,374.6162,45.2749,3.6362,0.9821,33.8532,25.2206,5.902,52.5669,13.6499,49.5507,33.9969,0.0214,1.0,1.2876,0.8399,2.4079,1.1156,1.3317
polyp_04.png,polyp,contrast:he,20.799,0.6792,416.4824,20.4079,18.0427,18.0184,0.9791,0.8663,8.4319,51.8716,32.7895,6.7329,54.0542,25.3478,455.7468,46.9242,0.2029,1.0,33.8532,25.2206,5.902,52.5669,13.6499,49.5507,33.9969,0.0214,1.0,1.3001,0.8309,1.857,1.0283,1.3802
polyp_04.png,polyp,contrast:bbhe,23.1681,0.7318,247.3916,15.7287,11.7957,9.1719,0.9559,0.8851,4.8855,43.0252,34.5222,6.535,22.3407,24.7242,138.2942,46.2289,2.7283,0.9649,33.8532,25.2206,5.902,52.5669,13.6499,49.5507,33.9969,0.0214,1.0,1.3688,0.633,1.8113,0.425,1.3598
polyp_04.png,polyp,contrast:dsihe,23.1935,0.7117,246.1213,15.6883,11.9095,8.5079,0.9468,0.8818,4.9361,42.3611,34.2613,6.5115,22.1301,25.0174,149.0074,45.8384,3.2898,0.9483,33.8532,25.2206,5.902,52.5669,13.6499,49.5507,33.9969,0.0214,1.0,1.3585,0.6095,1.8328,0.421,1.3483
polyp_04.png,polyp,contrast:agcwd,26.8884,0.8238,103.4948,10.1732,8.3391,6.4071,0.95,0.9266,4.0191,27.4462,23.3172,5.2779,18.0302,14.6631,35.2319,30.8262,0.0183,0.8925,33.8532,25.2206,5.902,52.5669,13.6499,49.5507,33.9969,0.0214,1.0,0.9245,-0.6241,1.0742,0.343,0.9067
polyp_04.png,polyp,contrast:msr,25.2725,0.7666,151.8978,12.3247,9.195,7.015,0.9529,0.9186,4.3014,40.8683,30.6795,6.6552,50.2966,25.4215,166.3955,41.9137,0.7004,1.0,33.8532,25.2206,5.902,52.5669,13.6499,49.5507,33.9969,0.0214,1.0,1.2164,0.7532,1.8624,0.9568,1.2329
polyp_04.png,polyp,contrast:stretch,24.3982,0.8934,184.7921,13.5938,11.1014,10.2364,0.9978,0.9229,4.488,44.0896,33.9525,5.9742,52.6563,17.2604,74.3068,45.7307,0.0397,1.0,33.8532,25.2206,5.902,52.5669,13.6499,49.5507,33.9969,0.0214,1.0,1.3462,0.0722,1.2645,1.0017,1.3451
polyp_04.png,polyp,upsample:hu_wbi_literal,31.5669,0.9408,35.4821,5.9567,4.4417,0.5622,0.9732,0.9728,2.1108,33.2911,25.8012,5.6182,25.1707,16.3769,53.3243,35.0106,0.0214,0.9765,33.8532,25.2206,5.902,52.5669,13.6499,49.5507,33.9969,0.0214,1.0,1.023,-0.2838,1.1998,0.4788,1.0298
polyp_04.png,polyp,upsample:bilinear,28.1852,0.9207,76.7787,8.7623,6.4314,3.5873,0.968,0.9524,2.8732,37.4405,29.2994,5.7927,25.7807,18.7452,61.1831,39.6196,0.0854,0.9796,33.8532,25.2206,5.902,52.5669,13.6499,49.5507,33.9969,0.0214,1.0,1.1617,-0.1093,1.3733,0.4904,1.1654
polyp_04.png,polyp,upsample:bicubic,28.1501,0.9196,77.3302,8.7938,6.4751,3.7704,0.9682,0.9524,2.9064,37.6236,29.245,5.8309,25.6885,18.9259,67.584,39.6635,0.0916,0.9796,33.8532,25.2206,5.902,52.5669,13.6499,49.5507,33.9969,0.0214,1.0,1.1596,-0.0711,1.3865,0.4887,1.1667
polyp_04.png,polyp,upsample:lanczos4,28.1343,0.9208,77.6037,8.8093,6.4856,3.8062,0.9679,0.9522,2.912,37.6594,29.205,5.8573,25.6699,18.8369,68.8298,39.647,0.058,0.9796,33.8532,25.2206,5.902,52.5669,13.6499,49.5507,33.9969,0.0214,1.0,1.158,-0.0447,1.38,0.4883,1.1662
polyp_04.png,polyp,upsample:nearest,28.4068,0.9102,73.0069,8.5444,6.3795,3.5923,0.9694,0.9546,2.8447,37.4455,29.1137,6.0059,55.585,19.0182,84.7429,39.2896,0.0641,1.0,33.8532,25.2206,5.902,52.5669,13.6499,49.5507,33.9969,0.0214,1.0,1.1544,0.1039,1.3933,1.0574,1.1557
polyp_04.png,polyp,upsample:none,28.5896,0.9188,69.9175,8.3617,6.2258,3.0516,0.9667,0.955,2.807,36.9048,28.7301,5.8138,26.0342,18.7825,83.0531,38.9565,0.09,0.9792,33.8532,25.2206,5.902,52.5669,13.6499,49.5507,33.9969,0.0214,1.0,1.1392,-0.0882,1.376,0.4953,1.1459
polyp_04.png,polyp,sr:none,27.4027,0.8639,92.3195,9.6083,7.3264,3.5226,0.9541,0.941,3.2398,37.3758,28.8473,6.3867,59.3195,22.628,102.7581,39.0215,0.0961,0.9802,33.8532,25.2206,5.902,52.5669,13.6499,49.5507,33.9969,0.0214,1.0,1.1438,0.4847,1.6577,1.1285,1.1478
polyp_04.png,polyp,sr:lanczos_detail,26.8205,0.7866,105.4901,10.2708,7.8643,3.6021,0.9465,0.9326,3.5156,37.4553,28.9955,6.4747,67.3049,25.489,452.5174,39.2631,0.2869,1.0,33.8532,25.2206,5.902,52.5669,13.6499,49.5507,33.9969,0.0214,1.0,1.1497,0.5727,1.8673,1.2804,1.1549
polyp_04.png,polyp,sr:ibp,26.5269,0.7469,112.8416,10.6227,8.1635,3.7238,0.9424,0.9281,3.6653,37.577,29.0473,6.4826,74.1414,25.9509,718.4311,39.3772,0.2579,1.0,33.8532,25.2206,5.902,52.5669,13.6499,49.5507,33.9969,0.0214,1.0,1.1517,0.5806,1.9012,1.4104,1.1583
polyp_04.png,polyp,sr:unsharp_sr,27.1344,0.8314,98.0897,9.904,7.6081,3.7363,0.9515,0.9377,3.3897,37.5896,28.8889,6.4467,62.3832,24.1436,190.7555,39.1573,0.1556,1.0,33.8532,25.2206,5.902,52.5669,13.6499,49.5507,33.9969,0.0214,1.0,1.1454,0.5447,1.7688,1.1867,1.1518
polyp_05.png,polyp,PAPER,27.9685,0.8902,80.7886,8.9882,6.6588,3.9881,0.9664,0.9487,2.9049,37.4182,28.7753,5.9713,55.3515,19.4033,68.1077,38.9604,0.032,1.0,33.4302,24.6092,5.8774,52.5033,13.7422,49.2771,33.305,0.0259,1.0,1.1693,0.0939,1.4119,1.0542,1.1698
polyp_05.png,polyp,space:yiq,26.6284,0.9056,140.7488,11.8638,8.5427,7.3699,0.9722,0.9269,2.8911,40.8001,31.225,5.8496,55.2757,19.8373,46.1187,32.4622,0.0412,1.0,33.4302,24.6092,5.8774,52.5033,13.7422,49.2771,33.305,0.0259,1.0,1.2688,-0.0278,1.4435,1.0528,0.9747
polyp_05.png,polyp,space:ycrcb,26.5095,0.9071,144.4108,12.0171,8.6665,7.5866,0.9725,0.9257,2.997,41.0168,31.2773,5.8137,25.2326,19.7999,46.5579,32.4188,0.0397,0.981,33.4302,24.6092,5.8774,52.5033,13.7422,49.2771,33.305,0.0259,1.0,1.271,-0.0637,1.4408,0.4806,0.9734
polyp_05.png,polyp,space:lab,26.616,0.9144,141.2196,11.8836,8.4365,7.5526,0.9779,0.9283,2.963,40.9827,31.6665,6.0878,25.1927,20.8131,48.7883,33.8883,0.0641,0.9815,33.4302,24.6092,5.8774,52.5033,13.7422,49.2771,33.305,0.0259,1.0,1.2868,0.2104,1.5145,0.4798,1.0175
polyp_05.png,polyp,space:hsi,25.8505,0.9021,132.0068,11.4894,8.195,6.706,0.9684,0.9286,3.461,40.1361,30.8584,5.9885,55.5544,20.0689,61.3211,41.7023,0.0412,1.0,33.4302,24.6092,5.8774,52.5033,13.7422,49.2771,33.305,0.0259,1.0,1.2539,0.1111,1.4604,1.0581,1.2521
polyp_05.png,polyp,contrast:clahe_sk,20.9167,0.5752,411.235,20.2789,17.1614,12.3998,0.8714,0.8018,7.9935,45.83,32.0123,6.7296,51.1943,33.9916,372.2009,44.6811,4.4083,0.982,33.4302,24.6092,5.8774,52.5033,13.7422,49.2771,33.305,0.0259,1.0,1.3008,0.8522,2.4735,0.9751,1.3416
polyp_05.png,polyp,contrast:he,20.7164,0.6794,425.4344,20.6261,18.1389,18.11,0.9777,0.8595,8.4162,51.5402,32.474,6.7137,51.3254,25.7769,448.0339,46.5135,0.4303,0.9815,33.4302,24.6092,5.8774,52.5033,13.7422,49.2771,33.305,0.0259,1.0,1.3196,0.8363,1.8757,0.9776,1.3966
polyp_05.png,polyp,contrast:bbhe,22.9921,0.7296,257.2687,16.0396,11.8061,9.1693,0.9524,0.8767,4.8435,42.5995,34.2485,6.4982,22.1401,25.2395,134.4274,45.8817,2.9327,0.9474,33.4302,24.6092,5.8774,52.5033,13.7422,49.2771,33.305,0.0259,1.0,1.3917,0.6208,1.8366,0.4217,1.3776
polyp_05.png,polyp,contrast:dsihe,23.0438,0.7043,254.7024,15.9594,11.9001,8.3548,0.9409,0.8728,4.8723,41.7849,33.9001,6.4443,20.5982,25.6702,148.1923,45.3932,3.8574,0.9478,33.4302,24.6092,5.8774,52.5033,13.7422,49.2771,33.305,0.0259,1.0,1.3775,0.5669,1.868,0.3923,1.363
polyp_05.png,polyp,contrast:agcwd,26.7601,0.7991,107.2957,10.3584,8.6811,6.282,0.9428,0.919,4.1917,27.1482,22.5038,4.9952,16.9631,14.6338,34.7672,29.9338,0.0549,0.875,33.4302,24.6092,5.8774,52.5033,13.7422,49.2771,33.305,0.0259,1.0,0.9144,-0.8822,1.0649,0.3231,0.8988
polyp_05.png,polyp,contrast:msr,25.7417,0.7761,136.3223,11.6757,8.7201,6.4636,0.9536,0.9222,4.0626,39.8938,29.765,6.6074,46.441,25.1819,152.321,40.7422,0.8072,1.0,33.4302,24.6092,5.8774,52.5033,13.7422,49.2771,33.305,0.0259,1.0,1.2095,0.73,1.8325,0.8845,1.2233
polyp_05.png,polyp,contrast:stretch,24.8845,0.8964,164.8743,12.8403,10.5779,9.7209,0.9974,0.9277,4.291,43.151,32.7419,5.9297,52.6175,17.1846,73.1944,44.3192,0.0412,1.0,33.4302,24.6092,5.8774,52.5033,13.7422,49.2771,33.305,0.0259,1.0,1.3305,0.0523,1.2505,1.0022,1.3307
polyp_05.png,polyp,upsample:hu_wbi_literal,31.7855,0.914,33.7838,5.8124,4.4741,0.3398,0.9735,0.973,1.9902,33.0903,25.3821,5.7561,54.4659,16.8466,54.5544,34.387,0.029,1.0,33.4302,24.6092,5.8774,52.5033,13.7422,49.2771,33.305,0.0259,1.0,1.0314,-0.1213,1.2259,1.0374,1.0325
polyp_05.png,polyp,upsample:bilinear,28.0795,0.9084,78.7211,8.8725,6.5248,3.9116,0.9669,0.9498,2.8739,37.3417,28.6947,5.9205,55.3001,19.2111,63.4781,38.8449,0.0305,1.0,33.4302,24.6092,5.8774,52.5033,13.7422,49.2771,33.305,0.0259,1.0,1.166,0.0431,1.398,1.0533,1.1663
polyp_05.png,polyp,upsample:bicubic,27.9939,0.8939,80.3018,8.9611,6.6598,4.0395,0.9669,0.9492,2.8805,37.4697,28.7565,5.96,55.4752,19.4186,69.7777,38.9408,0.032,1.0,33.4302,24.6092,5.8774,52.5033,13.7422,49.2771,33.305,0.0259,1.0,1.1685,0.0826,1.4131,1.0566,1.1692
polyp_05.png,polyp,upsample:lanczos4,27.9446,0.8957,81.1759,9.0098,6.6855,4.1035,0.9665,0.9487,2.8648,37.5337,28.7291,5.9733,55.4249,19.3302,70.8651,38.9423,0.0305,1.0,33.4302,24.6092,5.8774,52.5033,13.7422,49.2771,33.305,0.0259,1.0,1.1674,0.0959,1.4066,1.0556,1.1693
polyp_05.png,polyp,upsample:nearest,28.387,0.8962,73.1217,8.5511,6.4069,3.8899,0.9694,0.9533,2.7626,37.3201,28.4941,5.9564,55.1696,19.1333,83.2015,38.6911,0.0305,1.0,33.4302,24.6092,5.8774,52.5033,13.7422,49.2771,33.305,0.0259,1.0,1.1579,0.079,1.3923,1.0508,1.1617
polyp_05.png,polyp,upsample:none,28.8829,0.8954,65.1843,8.0737,6.11,3.3283,0.9707,0.9572,2.677,36.7585,28.2673,5.9352,55.2521,19.1148,81.4302,38.2802,0.0305,1.0,33.4302,24.6092,5.8774,52.5033,13.7422,49.2771,33.305,0.0259,1.0,1.1486,0.0578,1.391,1.0524,1.1494
polyp_05.png,polyp,sr:none,27.4933,0.8718,90.2408,9.4995,7.149,3.8898,0.9553,0.9407,3.1566,37.3199,28.2156,6.3458,59.4803,22.7767,102.8799,38.3836,0.0656,0.9796,33.4302,24.6092,5.8774,52.5033,13.7422,49.2771,33.305,0.0259,1.0,1.1465,0.4684,1.6574,1.1329,1.1525
polyp_05.png,polyp,sr:lanczos_detail,26.9026,0.795,103.3017,10.1637,7.7199,3.979,0.9474,0.932,3.4424,37.4091,28.3542,6.4338,67.0648,25.5341,442.6521,38.627,0.2197,1.0,33.4302,24.6092,5.8774,52.5033,13.7422,49.2771,33.305,0.0259,1.0,1.1522,0.5564,1.8581,1.2773,1.1598
polyp_05.png,polyp,sr:ibp,26.6025,0.7553,110.7787,10.5251,8.0369,4.101,0.9432,0.9273,3.6042,37.5311,28.4129,6.4436,72.3029,26.0215,702.0265,38.7258,0.1953,1.0,33.4302,24.6092,5.8774,52.5033,13.7422,49.2771,33.305,0.0259,1.0,1.1546,0.5662,1.8935,1.3771,1.1628
polyp_05.png,polyp,sr:unsharp_sr,27.2102,0.8405,96.2449,9.8105,7.4482,4.0853,0.9526,0.9372,3.321,37.5154,28.2869,6.4095,61.3433,24.2951,189.5521,38.5212,0.0977,1.0,33.4302,24.6092,5.8774,52.5033,13.7422,49.2771,33.305,0.0259,1.0,1.1494,0.5321,1.7679,1.1684,1.1566
